Country,Year,Education,Fertility,Cost of Living Index,Rent Index,Cost of Living Plus Rent Index,Groceries Index,Restaurant Price Index,Local Purchasing Power Index
Afghanistan,2011,7.4,5.77,,,,,,
Albania,2011,14.4,1.673,,,,,,
Algeria,2011,14.5,2.909,,,,,,
Angola,2011,7.2,6.12,,,,,,
Antigua and Barbuda,2011,13.0,1.989,,,,,,
Argentina,2011,18.4,2.338,56.63,18.61,42.98,49.57,44.6,51.78
Armenia,2011,13.4,1.724,58.68,25.86,46.89,27.57,47.41,17.43
Australia,2011,20.7,1.926,107.83,51.03,87.43,112.03,88.67,117.1
Austria,2011,15.9,1.43,95.23,40.52,75.58,85.12,75.91,99.03
Azerbaijan,2011,11.1,1.96,67.31,59.5,64.51,46.97,57.83,32.96
Bahrain,2011,14.3,2.139,,,,,,
Bangladesh,2011,9.4,2.273,,,,,,
Barbados,2011,16.7,1.665,,,,,,
Belarus,2011,16.2,1.515,47.89,15.89,36.4,35.85,60.13,25.99
Belgium,2011,20.1,1.81,109.39,37.44,83.55,87.91,117.29,100.1
Belize,2011,12.8,2.638,,,,,,
Benin,2011,9.4,5.305,,,,,,
Bhutan,2011,12.0,2.224,,,,,,
Bolivia,2011,13.5,3.143,37.41,15.21,29.44,28.32,23.36,50.5
Bosnia and Herzegovina,2011,14.3,1.315,,,,,,
Botswana,2011,12.4,3.017,,,,,,
Brazil,2011,14.3,1.781,76.78,26.54,58.74,50.11,48.4,58.31
Brunei Darussalam,2011,14.6,1.957,,,,,,
Bulgaria,2011,14.8,1.51,52.1,14.31,38.53,40.12,36.8,34.96
Burkina Faso,2011,6.6,5.781,,,,,,
Burundi,2011,10.3,6.088,,,,,,
Cabo Verde,2011,12.9,2.539,,,,,,
Cambodia,2011,10.3,2.804,,,,,,
Cameroon,2011,10.0,5.049,,,,,,
Canada,2011,15.5,1.61,89.34,41.5,72.16,95.12,69.82,109.32
Central African Republic,2011,5.6,5.172,,,,,,
Chad,2011,5.8,6.482,,,,,,
Chile,2011,15.7,1.87,61.19,16.78,45.24,46.87,47.41,61.18
China,2011,13.0,1.632,43.42,20.29,35.12,46.78,25.42,27.43
Colombia,2011,14.7,1.958,54.34,13.66,39.73,44.87,32.5,39.84
Comoros,2011,10.5,4.693,,,,,,
Congo,2011,10.4,4.742,,,,,,
Congo Democratic,2011,7.8,6.493,,,,,,
Costa Rica,2011,14.8,1.869,69.76,22.29,52.72,75.7,58.24,44.86
Croatia,2011,15.2,1.41,68.32,18.11,50.29,65.07,48.19,51.85
Cuba,2011,16.8,1.668,,,,,,
Cyprus,2011,13.9,1.406,90.96,31.04,69.44,75.83,88.75,91.78
Denmark,2011,19.1,1.75,119.67,53.94,96.07,99.0,140.32,93.26
Djibouti,2011,5.5,3.213,,,,,,
Dominican Republic,2011,13.6,2.481,67.06,22.77,51.16,64.85,49.12,46.15
Ecuador,2011,13.6,2.59,49.45,14.46,36.89,56.7,27.32,40.3
Egypt,2011,11.8,3.311,51.31,22.42,40.94,48.36,37.7,17.66
El Salvador,2011,12.5,2.224,,,,,,
Eritrea,2011,4.5,4.486,,,,,,
Estonia,2011,17.4,1.61,59.23,16.63,43.93,44.32,58.59,68.92
Ethiopia,2011,7.8,5.017,,,,,,
Finland,2011,17.6,1.83,98.65,39.83,77.53,89.69,88.15,109.81
France,2011,15.5,2.01,101.17,42.7,80.18,83.38,96.59,80.84
Gabon,2011,12.4,4.129,,,,,,
Gambia,2011,8.4,5.552,,,,,,
Georgia,2011,13.5,1.95,,,,,,
Germany,2011,16.6,1.39,87.19,32.6,67.59,75.29,70.1,118.49
Ghana,2011,10.6,4.234,,,,,,
Greece,2011,16.2,1.4,89.81,21.1,65.14,72.23,80.72,48.82
Grenada,2011,16.4,2.217,,,,,,
Guatemala,2011,10.4,3.292,,,,,,
Guinea,2011,7.3,5.256,,,,,,
Guyana,2011,11.8,2.63,,,,,,
Haiti,2011,8.6,3.356,,,,,,
Honduras,2011,11.0,2.86,,,,,,
Hong Kong,2011,15.4,1.204,72.19,81.25,75.44,70.13,51.38,65.21
Hungary,2011,15.5,1.23,61.49,16.52,45.34,52.39,42.96,38.04
Iceland,2011,19.7,2.02,93.31,36.72,72.99,111.68,90.03,93.22
India,2011,11.0,2.506,30.27,9.04,22.65,28.88,18.29,62.82
Indonesia,2011,12.5,2.471,49.34,19.08,38.48,55.82,26.82,16.55
Iran,2011,13.5,1.866,46.13,29.58,40.19,49.57,32.52,54.81
Iraq,2011,10.1,4.301,,,,,,
Ireland,2011,18.4,2.03,107.11,52.85,87.63,110.88,100.12,92.23
Israel,2011,16.4,2.98,82.87,33.54,65.16,73.01,73.42,84.28
Italy,2011,17.1,1.44,95.85,38.26,75.17,78.68,95.44,65.98
Jamaica,2011,14.9,2.136,,,,,,
Japan,2011,15.0,1.39,96.52,52.05,80.55,88.87,70.82,106.66
Jordan,2011,12.9,3.541,61.96,19.9,46.86,59.24,41.41,34.82
Kazakhstan,2011,15.0,2.59,,,,,,
Kenya,2011,10.2,4.248,43.24,19.84,34.83,39.49,29.72,34.92
Kiribati,2011,12.3,3.822,,,,,,
Kuwait,2011,13.9,2.182,,,,,,
Kyrgyz,2011,12.6,3.1,,,,,,
Lao,2011,9.7,3.056,,,,,,
Latvia,2011,16.2,1.33,70.89,19.88,52.57,49.8,76.53,36.23
Lebanon,2011,13.0,2.002,68.28,42.18,58.91,36.4,58.16,22.94
Lesotho,2011,11.5,3.282,,,,,,
Liberia,2011,9.5,4.881,,,,,,
Libya,2011,13.9,2.466,,,,,,
Liechtenstein,2011,13.7,1.69,,,,,,
Lithuania,2011,17.6,1.55,61.81,19.65,46.67,56.13,41.18,31.52
Luxembourg,2011,14.0,1.52,,,,,,
Madagascar,2011,10.0,4.52,,,,,,
Malawi,2011,10.4,5.161,,,,,,
Malaysia,2011,13.2,2.129,44.84,11.55,32.88,40.52,23.53,86.55
Maldives,2011,12.3,2.171,,,,,,
Mali,2011,6.9,6.474,,,,,,
Malta,2011,15.2,1.45,78.23,23.96,58.74,68.25,65.95,92.33
Mauritania,2011,7.6,4.939,,,,,,
Mauritius,2011,14.7,1.55,,,,,,
Mexico,2011,13.1,2.317,51.55,17.28,39.24,46.0,38.94,65.02
Moldova,2011,12.1,1.276,,,,,,
Mongolia,2011,15.4,2.722,44.38,18.54,35.1,55.97,27.63,34.65
Montenegro,2011,15.3,1.741,59.51,22.92,46.37,44.84,48.93,27.65
Morocco,2011,10.9,2.576,76.43,25.83,58.26,69.25,41.36,26.86
Mozambique,2011,8.7,5.329,,,,,,
Namibia,2011,12.3,3.632,,,,,,
Nepal,2011,12.4,2.444,,,,,,
Netherlands,2011,18.0,1.76,105.69,43.33,83.3,63.98,106.42,100.29
New Zealand,2011,20.2,2.09,92.62,29.42,69.92,97.0,81.11,80.35
Nicaragua,2011,11.8,2.575,,,,,,
Niger,2011,4.4,7.429,,,,,,
Nigeria,2011,8.2,5.802,,,,,,
North Macedonia,2011,13.0,1.477,41.82,10.05,30.41,35.05,28.77,38.35
Norway,2011,18.3,1.88,139.53,56.86,109.84,142.91,136.6,93.88
Oman,2011,13.6,2.882,,,,,,
Pakistan,2011,6.8,3.88,30.96,7.82,22.65,28.1,20.16,30.35
Panama,2011,13.2,2.613,45.01,18.99,35.67,38.56,32.21,70.09
Paraguay,2011,12.7,2.675,,,,,,
Peru,2011,13.6,2.493,46.9,17.5,36.34,50.0,32.66,42.8
Philippines,2011,12.2,3.121,39.08,9.71,28.53,33.92,19.16,37.94
Poland,2011,16.1,1.33,51.21,19.47,39.81,39.7,38.66,62.83
Portugal,2011,16.3,1.35,73.09,30.58,57.82,51.64,51.45,53.62
Qatar,2011,13.6,2.027,,,,,,
Romania,2011,15.5,1.47,47.68,13.65,35.46,40.09,35.22,33.36
Russian Federation,2011,14.9,1.582,,,,,,
Rwanda,2011,11.4,4.412,,,,,,
Samoa,2011,12.7,4.277,,,,,,
Sao Tome and Principe,2011,10.8,4.677,,,,,,
Saudi Arabia,2011,14.5,2.871,81.02,22.16,59.88,125.55,29.53,77.9
Senegal,2011,8.7,5.039,,,,,,
Serbia,2011,14.5,1.4,50.99,15.54,38.26,38.67,40.17,31.92
Seychelles,2011,12.6,2.33,,,,,,
Sierra Leone,2011,8.6,5.06,,,,,,
Singapore,2011,15.5,1.2,88.79,84.87,87.38,88.24,52.7,82.54
Slovakia,2011,15.6,1.45,60.02,21.98,46.36,53.67,43.28,59.28
Slovenia,2011,18.0,1.56,72.57,33.04,58.37,62.09,57.78,64.22
Solomon Islands,2011,10.2,4.413,,,,,,
South Africa,2011,13.4,2.582,69.19,27.31,54.15,59.27,50.02,86.44
South Korea,2011,16.0,1.244,59.97,31.1,49.6,66.77,50.18,118.68
South Sudan,2011,3.7,5.286,,,,,,
Spain,2011,17.6,1.34,76.08,33.48,60.78,57.49,68.57,67.67
Sri Lanka,2011,13.9,2.237,,,,,,
Sudan,2011,6.6,4.824,,,,,,
Suriname,2011,12.5,2.587,,,,,,
Sweden,2011,16.5,1.9,100.68,30.0,75.3,85.98,100.25,99.89
Switzerland,2011,15.6,1.52,130.98,62.06,106.23,131.46,115.07,137.13
Syrian Arab Republic,2011,12.1,3.29,,,,,,
Tajikistan,2011,10.3,3.603,,,,,,
Tanzania,2011,9.0,5.358,,,,,,
Thailand,2011,14.0,1.539,41.79,21.72,34.58,46.22,24.84,23.54
Timor-Leste,2011,12.1,4.637,,,,,,
Togo,2011,9.5,4.798,,,,,,
Tonga,2011,14.7,3.864,,,,,,
Trinidad and Tobago,2011,14.2,1.804,,,,,,
Tunisia,2011,15.1,2.182,,,,,,
Turkey,2011,13.9,2.137,61.95,17.08,45.83,47.53,42.47,55.89
Turkmenistan,2011,10.4,2.892,,,,,,
Uganda,2011,10.8,5.983,,,,,,
Ukraine,2011,15.0,1.459,45.14,17.42,35.19,29.85,41.17,29.51
United Arab Emirates,2011,13.9,1.763,80.1,74.65,78.14,59.32,97.06,109.26
United Kingdom,2011,16.2,1.91,93.8,43.72,75.82,87.89,92.82,98.03
United States,2011,17.6,1.8945,76.19,40.24,63.28,71.03,60.23,120.42
Uruguay,2011,16.1,2.008,70.35,20.12,52.31,62.02,52.39,44.52
Uzbekistan,2011,11.3,2.236,,,,,,
Vanuatu,2011,10.4,4.06,,,,,,
Venezuela,2011,14.8,2.444,63.92,32.35,52.58,52.35,57.64,34.84
Vietnam,2011,12.8,1.949,39.06,32.29,36.63,36.15,24.01,51.08
Yemen,2011,7.6,4.554,,,,,,
Zambia,2011,10.6,5.328,,,,,,
Zimbabwe,2011,10.1,4.059,,,,,,
Afghanistan,2012,7.5,5.562,,,,,,
Albania,2012,14.6,1.684,,,,,,
Algeria,2012,14.1,2.952,40.64,8.32,29.01,43.59,25.57,27.54
Angola,2012,8.7,6.039,,,,,,
Antigua and Barbuda,2012,13.4,1.993,,,,,,
Argentina,2012,18.4,2.33,63.13,19.21,47.32,52.4,54.37,41.71
Armenia,2012,13.3,1.725,62.75,19.62,47.23,38.38,53.15,20.71
Australia,2012,20.9,1.92,122.96,58.85,99.88,113.72,108.95,109.5
Austria,2012,16.0,1.44,94.84,34.34,73.07,85.06,76.59,98.31
Azerbaijan,2012,11.3,2.0,71.24,41.03,60.37,53.2,68.17,26.38
Bahrain,2012,14.3,2.118,99.52,37.54,77.21,150.55,86.92,52.77
Bangladesh,2012,9.7,2.228,,,,,,
Barbados,2012,16.7,1.645,,,,,,
Belarus,2012,16.3,1.62,45.59,10.62,33.01,33.84,52.82,23.59
Belgium,2012,20.2,1.8,108.68,35.02,82.17,86.01,107.48,90.44
Belize,2012,13.2,2.588,,,,,,
Benin,2012,10.0,5.246,,,,,,
Bhutan,2012,12.4,2.159,,,,,,
Bolivia,2012,13.5,3.076,,,,,,
Bosnia and Herzegovina,2012,14.1,1.313,,,,,,
Botswana,2012,12.5,3.011,,,,,,
Brazil,2012,14.4,1.771,83.71,25.62,62.8,57.83,56.97,32.8
Brunei Darussalam,2012,15.3,1.973,,,,,,
Bulgaria,2012,14.8,1.5,50.92,12.32,37.03,42.02,32.96,33.76
Burkina Faso,2012,7.0,5.693,,,,,,
Burundi,2012,10.6,5.994,,,,,,
Cabo Verde,2012,12.7,2.5,,,,,,
Cambodia,2012,10.4,2.739,,,,,,
Cameroon,2012,10.7,4.984,,,,,,
Canada,2012,15.7,1.6142,98.04,38.35,76.56,93.84,83.16,108.18
Central African Republic,2012,5.7,5.123,,,,,,
Chad,2012,6.0,6.372,,,,,,
Chile,2012,15.8,1.849,67.39,19.79,50.26,54.24,54.31,47.11
China,2012,13.3,1.639,48.82,19.67,38.33,53.68,33.62,30.26
Colombia,2012,14.4,1.93,59.99,16.59,44.37,50.17,38.82,29.28
Comoros,2012,10.7,4.628,,,,,,
Congo,2012,10.4,4.712,,,,,,
Congo Democratic,2012,7.8,6.432,,,,,,
Costa Rica,2012,14.9,1.853,68.43,22.96,52.06,66.98,52.91,46.29
Croatia,2012,15.4,1.52,67.54,13.94,48.25,56.05,52.42,50.14
Cuba,2012,15.4,1.683,,,,,,
Cyprus,2012,14.0,1.39,89.54,22.36,65.36,74.6,92.18,77.04
Denmark,2012,19.3,1.73,116.52,41.31,89.45,94.09,130.69,101.98
Djibouti,2012,5.6,3.131,,,,,,
Dominican Republic,2012,13.6,2.46,,,,,,
Ecuador,2012,14.9,2.567,50.85,12.36,37.0,46.59,29.04,25.96
Egypt,2012,12.3,3.377,49.65,15.98,37.53,43.42,44.75,28.16
El Salvador,2012,12.5,2.187,,,,,,
Eritrea,2012,4.6,4.407,,,,,,
Estonia,2012,17.4,1.56,66.91,15.1,48.27,51.28,58.73,47.77
Ethiopia,2012,7.9,4.901,,,,,,
Finland,2012,17.6,1.8,99.69,36.47,76.94,82.32,96.9,98.14
France,2012,15.6,2.01,98.19,35.91,75.77,82.96,94.92,92.68
Gabon,2012,12.5,4.113,,,,,,
Gambia,2012,8.5,5.518,,,,,,
Georgia,2012,13.6,1.984,56.07,15.34,41.41,40.93,49.09,29.38
Germany,2012,16.7,1.41,88.55,28.94,67.1,72.15,76.2,114.37
Ghana,2012,10.9,4.192,,,,,,
Greece,2012,16.5,1.34,93.09,18.9,66.39,69.83,91.17,48.31
Grenada,2012,16.5,2.194,,,,,,
Guatemala,2012,10.4,3.219,,,,,,
Guinea,2012,7.4,5.175,,,,,,
Guyana,2012,11.7,2.606,,,,,,
Haiti,2012,8.6,3.288,,,,,,
Honduras,2012,10.9,2.774,,,,,,
Hong Kong,2012,15.5,1.285,84.4,96.98,88.92,80.47,69.05,84.27
Hungary,2012,15.6,1.34,59.65,12.67,42.74,44.64,43.56,36.81
Iceland,2012,19.9,2.04,103.6,32.71,78.09,97.74,92.19,78.56
India,2012,11.4,2.439,33.39,8.36,24.38,33.82,21.1,60.11
Indonesia,2012,12.9,2.455,51.42,17.21,39.11,57.94,30.08,18.33
Iran,2012,14.9,1.901,54.84,25.17,44.16,53.92,42.19,46.2
Iraq,2012,9.9,4.243,,,,,,
Ireland,2012,18.5,1.98,107.77,38.12,82.7,97.13,106.06,89.6
Israel,2012,16.4,3.05,95.45,32.05,72.63,77.35,89.45,75.01
Italy,2012,16.9,1.43,94.82,34.3,73.04,75.97,95.38,68.59
Jamaica,2012,14.6,2.102,,,,,,
Japan,2012,15.1,1.41,134.23,54.22,105.43,117.97,84.28,79.94
Jordan,2012,13.0,3.436,60.44,13.35,43.49,54.93,48.15,37.02
Kazakhstan,2012,15.3,2.62,70.84,31.8,56.79,49.59,54.65,24.48
Kenya,2012,10.2,4.123,,,,,,
Kiribati,2012,12.3,3.796,,,,,,
Kuwait,2012,13.7,2.139,96.24,30.78,72.68,73.52,137.45,69.98
Kyrgyz,2012,13.0,3.2,,,,,,
Lao,2012,10.0,2.977,,,,,,
Latvia,2012,15.9,1.44,67.76,14.27,48.51,51.28,63.62,35.04
Lebanon,2012,12.4,2.038,86.11,37.05,68.45,45.3,69.63,24.37
Lesotho,2012,11.6,3.265,,,,,,
Liberia,2012,9.0,4.793,,,,,,
Libya,2012,13.6,2.447,,,,,,
Liechtenstein,2012,13.8,1.51,,,,,,
Lithuania,2012,17.5,1.6,62.11,14.8,45.08,53.02,41.79,33.6
Luxembourg,2012,14.0,1.57,,,,,,
Madagascar,2012,10.1,4.442,,,,,,
Malawi,2012,10.5,4.988,,,,,,
Malaysia,2012,13.4,2.11,54.9,12.8,39.75,53.65,31.12,74.06
Maldives,2012,12.4,2.129,,,,,,
Mali,2012,6.8,6.396,,,,,,
Malta,2012,15.4,1.42,83.17,19.49,60.25,70.81,69.07,91.73
Mauritania,2012,8.0,4.895,,,,,,
Mauritius,2012,15.3,1.54,,,,,,
Mexico,2012,13.3,2.294,55.06,13.98,40.27,48.45,43.19,58.98
Moldova,2012,12.1,1.273,47.81,12.35,35.05,38.59,40.27,27.56
Mongolia,2012,15.4,2.794,53.86,24.01,43.12,57.94,37.81,22.57
Montenegro,2012,15.3,1.728,62.24,17.23,46.04,49.11,55.87,38.86
Morocco,2012,11.3,2.579,71.89,26.6,55.59,61.43,41.65,16.68
Mozambique,2012,8.6,5.264,,,,,,
Namibia,2012,12.4,3.623,,,,,,
Nepal,2012,12.5,2.351,44.28,4.9,30.11,36.11,30.19,24.53
Netherlands,2012,17.9,1.72,104.5,41.15,81.7,69.58,104.36,95.17
New Zealand,2012,20.0,2.1,101.65,31.75,76.49,95.6,86.5,85.36
Nicaragua,2012,11.8,2.55,48.31,10.71,34.78,47.52,34.6,42.64
Niger,2012,4.6,7.376,,,,,,
Nigeria,2012,8.4,5.758,,,,,,
North Macedonia,2012,13.0,1.488,42.8,9.46,30.8,33.64,31.65,35.2
Norway,2012,18.2,1.85,151.34,55.5,116.85,142.37,150.23,92.62
Oman,2012,14.1,2.896,,,,,,
Pakistan,2012,7.0,3.816,36.17,6.79,25.6,31.52,29.13,28.27
Panama,2012,13.2,2.601,54.02,25.34,43.7,48.86,37.67,40.91
Paraguay,2012,12.9,2.625,,,,,,
Peru,2012,13.6,2.441,55.1,15.68,40.91,41.93,36.23,36.05
Philippines,2012,12.6,3.055,43.62,10.98,31.87,43.13,23.83,28.99
Poland,2012,16.2,1.33,49.74,16.89,37.91,39.45,38.43,59.23
Portugal,2012,16.4,1.28,70.76,23.0,53.57,56.17,52.24,56.05
Qatar,2012,13.5,1.997,84.28,63.5,76.8,81.63,72.85,153.59
Romania,2012,14.8,1.52,47.91,12.15,35.04,39.81,35.28,34.29
Russian Federation,2012,15.0,1.691,,,,,,
Rwanda,2012,11.6,4.322,,,,,,
Samoa,2012,12.8,4.212,,,,,,
Sao Tome and Principe,2012,11.1,4.627,,,,,,
Saudi Arabia,2012,15.1,2.773,93.42,18.02,66.29,135.45,39.6,82.11
Senegal,2012,8.9,5.005,,,,,,
Serbia,2012,14.6,1.45,50.55,11.9,36.64,36.47,40.26,31.33
Seychelles,2012,14.1,2.37,,,,,,
Sierra Leone,2012,8.9,4.923,,,,,,
Singapore,2012,16.0,1.29,96.08,90.69,94.14,82.76,65.1,93.29
Slovakia,2012,15.6,1.34,59.31,23.01,46.25,49.21,40.0,49.19
Slovenia,2012,17.7,1.58,74.34,25.73,56.85,64.7,58.04,57.92
Solomon Islands,2012,10.1,4.428,,,,,,
South Africa,2012,13.1,2.561,75.64,25.36,57.54,59.67,56.27,92.47
South Korea,2012,15.9,1.297,68.62,27.84,53.94,70.68,48.17,108.62
South Sudan,2012,3.7,5.197,,,,,,
Spain,2012,17.8,1.32,80.24,27.3,61.19,59.01,74.83,88.01
Sri Lanka,2012,14.1,2.227,,,,,,
Sudan,2012,6.9,4.771,,,,,,
Suriname,2012,12.7,2.565,,,,,,
Sweden,2012,16.6,1.91,101.86,29.36,75.76,85.33,101.5,100.7
Switzerland,2012,15.7,1.52,141.31,58.51,111.51,130.55,123.11,127.45
Syrian Arab Republic,2012,12.6,3.181,,,,,,
Tajikistan,2012,10.4,3.608,,,,,,
Tanzania,2012,8.9,5.287,,,,,,
Thailand,2012,13.7,1.538,50.16,17.59,38.44,65.47,27.35,32.03
Timor-Leste,2012,12.1,4.497,,,,,,
Togo,2012,9.6,4.727,,,,,,
Tonga,2012,14.7,3.815,,,,,,
Trinidad and Tobago,2012,14.2,1.799,,,,,,
Tunisia,2012,15.2,2.216,54.48,9.85,38.42,45.71,40.36,32.39
Turkey,2012,13.9,2.126,65.26,15.51,47.35,47.31,48.21,52.57
Turkmenistan,2012,10.5,2.936,,,,,,
Uganda,2012,10.9,5.845,,,,,,
Ukraine,2012,15.1,1.531,51.1,14.95,38.09,38.39,46.13,25.6
United Arab Emirates,2012,14.0,1.708,81.96,66.92,76.55,66.19,80.5,125.87
United Kingdom,2012,16.1,1.92,100.13,37.85,77.72,83.74,94.07,88.35
United States,2012,17.5,1.8805,83.06,37.42,66.64,77.65,68.74,116.48
Uruguay,2012,16.6,2.006,82.95,25.34,62.22,65.96,68.83,29.37
Uzbekistan,2012,11.4,2.193,,,,,,
Vanuatu,2012,10.4,4.019,,,,,,
Venezuela,2012,14.9,2.417,,,,,,
Vietnam,2012,12.8,1.962,42.9,33.02,39.35,45.31,26.66,28.05
Yemen,2012,7.6,4.439,,,,,,
Zambia,2012,10.6,5.233,,,,,,
Zimbabwe,2012,10.2,4.058,,,,,,
Afghanistan,2013,7.6,5.359,,,,,,
Albania,2013,14.7,1.69,48.64,10.84,30.5,40.23,31.83,35.28
Algeria,2013,14.5,2.99,41.49,6.06,24.48,43.76,24.84,32.71
Angola,2013,8.7,5.953,,,,,,
Antigua and Barbuda,2013,13.4,1.998,,,,,,
Argentina,2013,18.4,2.322,70.44,20.12,46.29,64.52,65.43,50.24
Armenia,2013,13.5,1.728,,,,,,
Australia,2013,20.9,1.855,133.66,72.72,104.41,128.69,116.39,103.02
Austria,2013,16.2,1.44,97.88,36.81,68.57,92.75,81.43,87.47
Azerbaijan,2013,11.3,1.98,78.25,41.92,60.81,67.88,64.83,20.48
Bahrain,2013,14.6,2.098,113.49,29.58,73.21,162.91,71.01,59.29
Bangladesh,2013,10.0,2.188,44.83,7.79,27.05,38.51,26.43,33.26
Barbados,2013,16.7,1.63,,,,,,
Belarus,2013,16.1,1.668,51.32,13.28,33.06,41.89,58.09,23.45
Belgium,2013,20.4,1.76,108.04,39.18,74.99,90.14,115.6,94.09
Belize,2013,13.0,2.539,,,,,,
Benin,2013,10.5,5.183,,,,,,
Bhutan,2013,12.2,2.107,,,,,,
Bolivia,2013,13.5,3.01,41.5,12.48,27.57,36.42,21.48,46.39
Bosnia and Herzegovina,2013,14.0,1.309,,,,,,
Botswana,2013,12.6,3.002,,,,,,
Brazil,2013,15.7,1.764,70.0,22.79,47.34,53.97,51.81,41.26
Brunei Darussalam,2013,15.4,1.978,,,,,,
Bulgaria,2013,15.2,1.48,52.68,12.39,33.35,46.89,38.82,37.71
Burkina Faso,2013,7.3,5.606,,,,,,
Burundi,2013,10.8,5.897,,,,,,
Cabo Verde,2013,12.7,2.463,,,,,,
Cambodia,2013,10.5,2.682,55.84,9.18,33.44,64.35,24.45,15.45
Cameroon,2013,10.8,4.916,,,,,,
Canada,2013,16.2,1.587,99.65,39.85,70.94,101.24,85.58,109.56
Central African Republic,2013,5.8,5.068,,,,,,
Chad,2013,6.1,6.262,,,,,,
Chile,2013,16.4,1.821,68.38,21.3,45.79,58.15,56.28,56.43
China,2013,13.7,1.647,61.75,25.82,44.51,66.43,36.53,37.27
Colombia,2013,14.8,1.905,58.44,14.01,37.12,52.83,38.31,29.71
Comoros,2013,10.9,4.561,,,,,,
Congo,2013,10.7,4.676,,,,,,
Congo Democratic,2013,8.2,6.363,,,,,,
Costa Rica,2013,15.2,1.838,66.62,20.87,44.66,71.79,54.7,45.59
Croatia,2013,15.8,1.46,72.24,14.9,44.72,64.47,55.98,51.58
Cuba,2013,14.7,1.689,,,,,,
Cyprus,2013,14.3,1.376,98.61,24.99,63.28,89.35,101.17,72.48
Denmark,2013,19.8,1.67,119.95,42.93,82.98,103.97,130.5,102.15
Djibouti,2013,5.7,3.054,,,,,,
Dominican Republic,2013,13.6,2.441,66.17,15.44,41.82,66.12,41.54,27.99
Ecuador,2013,15.1,2.544,46.61,12.91,30.44,48.18,26.45,25.47
Egypt,2013,12.5,3.421,44.82,11.1,28.64,40.33,37.18,30.32
El Salvador,2013,12.7,2.154,,,,,,
Eritrea,2013,4.6,4.335,,,,,,
Estonia,2013,17.2,1.52,70.75,16.8,44.86,60.94,53.36,53.09
Ethiopia,2013,8.1,4.787,59.86,24.26,42.77,62.51,26.1,11.48
Finland,2013,20.1,1.75,106.99,40.37,75.02,101.29,100.24,94.06
France,2013,15.8,1.99,103.24,37.99,71.92,97.75,100.45,98.11
Gabon,2013,12.5,4.098,,,,,,
Gambia,2013,8.8,5.48,,,,,,
Georgia,2013,14.1,2.012,53.8,17.09,36.18,45.54,47.48,28.56
Germany,2013,16.7,1.42,91.64,33.24,63.61,80.74,79.68,117.58
Ghana,2013,11.1,4.146,,,,,,
Greece,2013,16.6,1.29,92.57,18.64,57.09,74.67,95.52,49.44
Grenada,2013,16.7,2.171,,,,,,
Guatemala,2013,10.5,3.151,,,,,,
Guinea,2013,7.6,5.094,,,,,,
Guyana,2013,11.7,2.582,,,,,,
Haiti,2013,8.7,3.223,,,,,,
Honduras,2013,10.7,2.699,,,,,,
Hong Kong,2013,15.9,1.125,77.81,88.57,82.98,79.82,54.48,80.3
Hungary,2013,16.0,1.35,63.9,12.6,39.28,50.87,47.33,42.97
Iceland,2013,20.7,1.93,112.43,39.3,77.33,118.81,99.72,67.91
India,2013,11.9,2.381,30.92,7.36,19.61,32.51,18.09,61.92
Indonesia,2013,12.8,2.436,46.14,17.58,32.43,51.0,23.71,24.62
Iran,2013,14.7,1.945,57.04,24.3,41.33,59.28,42.76,37.51
Iraq,2013,9.7,4.168,57.16,18.04,38.39,50.89,46.23,33.66
Ireland,2013,19.0,1.93,112.33,40.37,77.79,105.55,102.99,95.06
Israel,2013,16.5,3.03,92.24,32.28,63.46,76.92,90.09,72.55
Italy,2013,16.7,1.39,101.42,36.21,70.12,87.31,107.38,70.44
Jamaica,2013,14.2,2.072,,,,,,
Japan,2013,15.1,1.43,115.24,43.81,80.96,112.83,70.01,85.99
Jordan,2013,12.5,3.319,65.55,15.63,41.59,56.78,56.37,36.18
Kazakhstan,2013,15.3,2.64,65.16,26.56,46.64,51.34,67.36,32.21
Kenya,2013,10.2,3.999,56.99,17.19,37.89,60.96,33.82,38.93
Kiribati,2013,12.4,3.765,,,,,,
Kuwait,2013,14.3,2.109,80.74,34.55,58.57,78.99,78.65,84.61
Kyrgyz,2013,13.4,3.1,,,,,,
Lao,2013,10.4,2.907,,,,,,
Latvia,2013,16.3,1.52,67.96,15.26,42.67,55.36,58.45,41.34
Lebanon,2013,12.1,2.069,75.63,38.51,57.82,58.06,65.2,42.46
Lesotho,2013,11.2,3.25,,,,,,
Liberia,2013,9.2,4.706,,,,,,
Libya,2013,13.5,2.423,,,,,,
Liechtenstein,2013,13.7,1.45,,,,,,
Lithuania,2013,17.5,1.59,63.33,16.18,40.7,55.36,41.98,42.24
Luxembourg,2013,14.0,1.55,124.76,67.68,97.36,111.78,130.8,121.39
Madagascar,2013,10.2,4.369,,,,,,
Malawi,2013,11.0,4.821,,,,,,
Malaysia,2013,13.6,2.092,54.82,15.25,35.83,51.46,27.37,69.64
Maldives,2013,12.3,2.084,,,,,,
Mali,2013,6.5,6.315,,,,,,
Malta,2013,15.5,1.36,85.61,20.6,54.4,73.68,77.57,77.82
Mauritania,2013,8.4,4.847,,,,,,
Mauritius,2013,15.2,1.44,54.48,23.36,39.54,43.46,53.48,46.08
Mexico,2013,13.5,2.27,53.56,13.29,34.23,52.48,37.4,59.77
Moldova,2013,12.1,1.27,47.24,12.89,30.75,38.28,37.97,24.52
Mongolia,2013,15.5,2.852,,,,,,
Montenegro,2013,15.3,1.72,63.18,15.2,40.15,56.02,55.2,43.94
Morocco,2013,11.5,2.571,54.04,16.7,36.12,44.71,42.31,26.38
Mozambique,2013,9.2,5.198,,,,,,
Namibia,2013,12.4,3.604,,,,,,
Nepal,2013,12.6,2.261,38.74,3.66,21.91,36.73,26.19,29.49
Netherlands,2013,18.1,1.68,103.9,45.71,75.97,81.11,107.68,92.88
New Zealand,2013,19.8,2.01,113.63,46.06,81.2,111.68,93.48,80.65
Nicaragua,2013,11.8,2.526,,,,,,
Niger,2013,4.7,7.314,,,,,,
Nigeria,2013,9.4,5.709,87.18,17.89,53.92,92.93,62.45,32.73
North Macedonia,2013,13.0,1.497,46.48,10.72,29.32,38.44,33.22,34.9
Norway,2013,18.4,1.78,173.85,68.99,123.52,162.53,183.3,95.91
Oman,2013,14.7,2.913,54.56,27.5,41.57,51.37,39.81,129.2
Pakistan,2013,7.0,3.759,33.41,6.12,20.31,32.09,25.34,26.03
Panama,2013,13.2,2.584,53.38,28.26,41.32,58.83,36.26,37.52
Paraguay,2013,12.9,2.581,,,,,,
Peru,2013,13.7,2.394,48.82,15.47,32.81,42.62,31.18,45.28
Philippines,2013,12.9,2.979,48.01,10.91,30.2,51.23,26.89,25.66
Poland,2013,17.2,1.29,55.64,20.2,38.63,46.58,43.08,54.72
Portugal,2013,16.7,1.21,75.31,24.34,50.84,61.25,59.09,54.12
Qatar,2013,13.3,1.972,82.36,84.11,83.2,75.0,78.79,136.65
Romania,2013,14.8,1.46,51.89,14.14,33.77,47.31,37.2,35.81
Russian Federation,2013,15.3,1.707,,,,,,
Rwanda,2013,11.4,4.251,,,,,,
Samoa,2013,12.8,4.147,,,,,,
Sao Tome and Principe,2013,11.4,4.577,,,,,,
Saudi Arabia,2013,15.6,2.678,72.17,15.73,45.08,74.47,36.51,114.63
Senegal,2013,9.0,4.96,,,,,,
Serbia,2013,14.8,1.43,53.59,11.96,33.61,43.53,42.78,36.58
Seychelles,2013,14.4,2.26,,,,,,
Sierra Leone,2013,9.1,4.793,,,,,,
Singapore,2013,16.0,1.19,105.39,103.04,104.26,91.19,63.28,59.94
Slovakia,2013,15.5,1.34,65.72,24.46,45.92,56.16,44.54,53.78
Slovenia,2013,18.4,1.55,82.06,26.48,55.38,70.49,63.24,59.25
Solomon Islands,2013,10.0,4.443,,,,,,
South Africa,2013,13.4,2.537,60.2,21.39,41.57,52.86,49.76,105.33
South Korea,2013,15.8,1.187,80.44,28.66,55.58,94.12,46.5,102.13
South Sudan,2013,3.7,5.108,,,,,,
Spain,2013,17.9,1.27,83.14,29.09,57.2,66.55,80.97,84.04
Sri Lanka,2013,14.3,2.22,50.58,14.52,33.27,55.0,29.73,27.18
Sudan,2013,7.3,4.715,,,,,,
Suriname,2013,12.9,2.543,,,,,,
Sweden,2013,18.9,1.89,114.47,36.11,76.86,105.57,110.14,106.57
Switzerland,2013,15.9,1.52,151.77,70.9,112.95,153.05,142.36,137.26
Syrian Arab Republic,2013,8.7,3.085,,,,,,
Tajikistan,2013,10.5,3.615,,,,,,
Tanzania,2013,8.8,5.215,54.88,13.91,35.22,59.2,24.94,66.03
Thailand,2013,13.5,1.538,51.78,21.3,37.15,57.93,25.48,35.01
Timor-Leste,2013,12.0,4.383,,,,,,
Togo,2013,9.8,4.656,,,,,,
Tonga,2013,13.4,3.768,,,,,,
Trinidad and Tobago,2013,14.3,1.79,,,,,,
Tunisia,2013,15.4,2.24,50.32,11.61,31.74,44.39,36.83,34.18
Turkey,2013,14.3,2.117,64.39,16.16,41.24,50.04,46.33,56.44
Turkmenistan,2013,10.5,2.958,,,,,,
Uganda,2013,10.9,5.699,,,,,,
Ukraine,2013,15.1,1.506,48.56,14.74,32.33,41.48,43.47,31.97
United Arab Emirates,2013,14.1,1.651,75.48,63.29,69.63,64.99,69.9,121.24
United Kingdom,2013,18.2,1.83,102.24,41.1,72.89,93.06,94.28,89.07
United States,2013,17.2,1.8575,80.54,37.39,59.83,80.74,67.87,136.5
Uruguay,2013,17.1,2.004,81.66,26.14,55.01,70.53,75.66,37.58
Uzbekistan,2013,11.5,2.35,,,,,,
Vanuatu,2013,10.4,3.979,,,,,,
Venezuela,2013,15.4,2.39,111.01,41.48,77.64,126.37,93.65,16.64
Vietnam,2013,12.8,1.978,43.21,20.77,32.44,41.77,23.74,31.86
Yemen,2013,7.6,4.326,,,,,,
Zambia,2013,10.6,5.132,,,,,,
Zimbabwe,2013,10.1,4.03,,,,,,
Afghanistan,2014,7.7,5.163,,,,,,
Albania,2014,14.8,1.688,48.96,10.94,30.49,41.37,35.25,33.27
Algeria,2014,14.6,3.022,39.11,8.94,24.46,40.11,27.48,32.1
Angola,2014,8.7,5.864,,,,,,
Antigua and Barbuda,2014,13.1,2.001,,,,,,
Argentina,2014,18.4,2.312,66.85,17.63,42.94,63.23,64.18,57.08
Armenia,2014,13.5,1.732,46.66,13.92,30.75,36.75,41.14,23.56
Australia,2014,20.9,1.826,108.51,57.97,83.95,105.03,97.44,104.2
Austria,2014,16.2,1.46,89.5,33.23,62.16,88.71,79.25,91.53
Azerbaijan,2014,11.6,1.97,63.13,34.91,49.42,54.46,65.44,24.92
Bahrain,2014,14.7,2.078,59.07,36.1,47.91,57.64,56.24,62.03
Bangladesh,2014,10.2,2.152,40.37,6.64,23.98,41.26,25.98,33.61
Barbados,2014,16.7,1.62,,,,,,
Belarus,2014,16.0,1.696,50.35,15.95,33.63,46.15,55.79,33.93
Belgium,2014,20.7,1.74,100.04,34.89,68.39,93.51,105.82,87.93
Belize,2014,13.0,2.489,,,,,,
Benin,2014,10.9,5.116,,,,,,
Bhutan,2014,12.4,2.067,,,,,,
Bolivia,2014,13.5,2.947,40.98,13.56,27.66,36.85,24.62,45.67
Bosnia and Herzegovina,2014,14.0,1.303,,,,,,
Botswana,2014,12.7,2.988,,,,,,
Brazil,2014,15.9,1.758,60.6,21.77,41.73,49.34,47.55,43.29
Brunei Darussalam,2014,15.4,1.969,,,,,,
Bulgaria,2014,15.4,1.53,49.96,11.0,31.04,45.32,38.02,37.39
Burkina Faso,2014,7.5,5.521,,,,,,
Burundi,2014,11.1,5.797,,,,,,
Cabo Verde,2014,12.8,2.425,,,,,,
Cambodia,2014,10.6,2.633,53.64,13.04,33.92,64.26,25.11,15.29
Cameroon,2014,11.0,4.847,,,,,,
Canada,2014,16.3,1.5818,87.9,35.71,62.55,94.57,78.78,105.53
Central African Republic,2014,5.8,5.007,,,,,,
Chad,2014,6.3,6.154,,,,,,
Chile,2014,16.6,1.787,60.16,18.32,39.83,54.27,49.97,58.27
China,2014,13.7,1.656,54.12,24.31,39.64,57.06,37.77,43.73
Colombia,2014,14.7,1.883,50.37,14.65,33.02,47.72,34.83,33.45
Comoros,2014,11.1,4.491,,,,,,
Congo,2014,11.0,4.634,,,,,,
Congo Democratic,2014,8.2,6.287,,,,,,
Costa Rica,2014,15.6,1.823,65.64,18.76,42.86,69.43,55.53,42.37
Croatia,2014,15.8,1.46,69.04,13.93,42.27,62.68,54.75,48.32
Cuba,2014,14.4,1.686,,,,,,
Cyprus,2014,14.6,1.364,89.76,20.89,56.3,82.44,94.53,65.21
Denmark,2014,20.0,1.69,114.87,40.05,78.52,102.61,132.27,100.66
Djibouti,2014,5.7,2.981,,,,,,
Dominican Republic,2014,13.7,2.423,57.98,12.62,35.94,59.04,40.89,33.7
Ecuador,2014,15.6,2.522,45.23,14.15,30.13,47.41,27.71,27.03
Egypt,2014,12.6,3.441,38.26,9.4,24.24,37.06,32.75,25.57
El Salvador,2014,12.5,2.126,53.05,10.31,32.28,50.59,35.91,24.13
Eritrea,2014,5.2,4.273,,,,,,
Estonia,2014,17.0,1.54,67.33,18.07,43.4,58.64,54.83,48.67
Ethiopia,2014,8.1,4.675,55.46,21.78,39.1,55.43,28.24,11.95
Finland,2014,20.0,1.71,103.28,35.32,70.26,100.4,103.17,97.9
France,2014,15.9,2.0,100.21,36.86,69.43,100.19,98.7,92.29
Gabon,2014,12.5,4.083,,,,,,
Gambia,2014,8.9,5.437,,,,,,
Georgia,2014,14.5,2.034,46.22,12.6,29.88,37.0,41.36,23.48
Germany,2014,16.7,1.47,87.14,30.29,59.52,77.86,77.83,112.28
Ghana,2014,10.9,4.095,64.56,40.77,53.0,70.5,57.75,15.13
Greece,2014,17.0,1.3,83.79,15.12,50.43,70.51,84.76,44.27
Grenada,2014,16.8,2.148,,,,,,
Guatemala,2014,10.5,3.088,52.0,15.54,34.28,54.22,33.33,38.81
Guinea,2014,7.8,5.013,,,,,,
Guyana,2014,11.8,2.558,,,,,,
Haiti,2014,8.8,3.159,,,,,,
Honduras,2014,10.4,2.635,51.05,12.19,32.17,42.94,33.62,38.23
Hong Kong,2014,16.2,1.235,76.36,87.81,81.92,82.08,51.77,71.39
Hungary,2014,15.8,1.44,59.27,10.68,35.66,48.1,43.63,44.89
Iceland,2014,20.8,1.93,111.75,41.07,77.42,121.07,106.06,59.54
India,2014,12.2,2.333,26.7,7.01,17.13,29.22,16.02,62.33
Indonesia,2014,12.8,2.413,39.0,12.83,26.29,44.21,20.9,26.44
Iran,2014,14.6,1.993,49.51,20.49,35.41,52.6,41.46,30.33
Iraq,2014,9.7,4.076,51.27,17.79,35.0,45.84,46.2,37.2
Ireland,2014,19.2,1.89,106.61,39.24,73.88,102.67,100.03,94.64
Israel,2014,16.5,3.08,91.45,35.23,64.14,79.52,95.42,69.29
Italy,2014,16.7,1.37,96.81,31.55,65.1,85.0,104.62,75.39
Jamaica,2014,14.0,2.047,73.36,19.64,47.26,71.51,54.35,54.14
Japan,2014,15.1,1.42,94.13,35.51,65.65,97.55,58.78,99.64
Jordan,2014,12.3,3.196,61.46,15.22,39.0,53.7,54.47,38.3
Kazakhstan,2014,15.3,2.73,63.15,22.64,43.47,53.48,64.09,37.29
Kenya,2014,10.2,3.879,53.6,19.24,36.91,59.5,34.21,30.85
Kiribati,2014,12.4,3.73,,,,,,
Kuwait,2014,14.3,2.09,74.08,38.81,56.94,77.58,55.89,92.46
Kyrgyz,2014,13.5,3.2,,,,,,
Lao,2014,10.7,2.847,,,,,,
Latvia,2014,16.2,1.65,65.95,16.36,41.86,54.34,53.87,40.22
Lebanon,2014,11.3,2.091,70.15,33.38,52.29,54.56,67.5,41.86
Lesotho,2014,11.1,3.235,,,,,,
Liberia,2014,9.1,4.621,,,,,,
Libya,2014,13.4,2.392,52.33,20.22,36.73,61.34,42.83,42.82
Liechtenstein,2014,13.5,1.59,,,,,,
Lithuania,2014,17.3,1.63,59.96,14.65,37.94,52.84,41.88,43.24
Luxembourg,2014,14.0,1.5,109.93,64.11,87.67,97.07,126.51,115.31
Madagascar,2014,10.3,4.302,,,,,,
Malawi,2014,11.2,4.666,,,,,,
Malaysia,2014,13.9,2.074,48.66,15.16,32.38,47.62,26.62,70.46
Maldives,2014,12.3,2.038,,,,,,
Mali,2014,6.7,6.231,,,,,,
Malta,2014,15.8,1.38,80.18,17.52,49.74,68.9,79.1,72.69
Mauritania,2014,8.5,4.794,,,,,,
Mauritius,2014,15.7,1.43,59.48,26.73,43.57,52.78,58.02,69.43
Mexico,2014,13.7,2.243,46.96,12.14,30.04,48.99,35.39,60.46
Moldova,2014,12.1,1.265,41.56,9.96,26.21,35.87,31.08,22.86
Mongolia,2014,15.5,2.894,,,,,,
Montenegro,2014,15.2,1.719,57.26,11.64,35.1,49.88,50.12,38.75
Morocco,2014,11.6,2.552,47.48,14.36,31.39,41.71,38.63,29.59
Mozambique,2014,9.2,5.131,,,,,,
Namibia,2014,12.4,3.577,59.8,24.32,42.56,52.7,47.8,34.99
Nepal,2014,12.6,2.176,31.43,3.47,17.85,30.47,19.82,23.36
Netherlands,2014,18.2,1.71,98.82,40.94,70.7,78.03,115.25,97.54
New Zealand,2014,19.6,1.92,104.48,42.43,74.33,104.47,90.09,87.58
Nicaragua,2014,12.3,2.503,,,,,,
Niger,2014,4.7,7.245,,,,,,
Nigeria,2014,9.2,5.653,73.78,21.31,48.29,74.97,62.7,35.64
North Macedonia,2014,13.1,1.504,44.17,9.15,27.15,37.68,32.44,33.3
Norway,2014,18.3,1.75,144.45,58.88,102.88,135.52,165.88,94.4
Oman,2014,15.0,2.93,56.04,30.36,43.56,53.47,40.73,112.31
Pakistan,2014,7.4,3.708,29.69,4.66,17.53,29.22,22.32,31.53
Panama,2014,13.3,2.564,52.18,31.37,42.07,59.81,40.36,44.59
Paraguay,2014,13.0,2.542,,,,,,
Peru,2014,13.8,2.355,50.93,15.4,33.66,47.45,36.13,35.55
Philippines,2014,12.9,2.894,40.28,8.34,24.76,42.43,23.22,29.97
Poland,2014,16.8,1.32,53.68,18.93,36.8,45.19,44.19,57.6
Portugal,2014,16.4,1.23,69.3,22.38,46.5,57.37,58.18,54.65
Qatar,2014,13.7,1.95,75.25,77.0,76.1,70.26,78.36,125.79
Romania,2014,14.9,1.56,48.2,12.23,30.72,43.87,37.19,36.51
Russian Federation,2014,15.3,1.75,,,,,,
Rwanda,2014,11.4,4.197,,,,,,
Samoa,2014,12.8,4.086,,,,,,
Sao Tome and Principe,2014,11.7,4.527,,,,,,
Saudi Arabia,2014,16.0,2.589,68.14,15.49,42.56,69.59,34.87,100.03
Senegal,2014,9.3,4.905,,,,,,
Serbia,2014,14.8,1.46,51.57,10.91,31.82,42.7,42.67,37.39
Seychelles,2014,15.8,2.25,,,,,,
Sierra Leone,2014,9.1,4.672,,,,,,
Singapore,2014,16.2,1.25,100.01,97.04,98.57,89.77,61.36,64.11
Slovakia,2014,15.4,1.37,61.5,22.01,42.32,55.26,43.16,52.41
Slovenia,2014,18.0,1.58,75.37,22.47,49.67,65.19,61.44,60.36
Solomon Islands,2014,9.9,4.455,,,,,,
South Africa,2014,13.7,2.511,48.55,17.7,33.56,42.32,43.73,95.97
South Korea,2014,15.9,1.205,87.56,37.56,63.27,106.5,51.76,80.63
South Sudan,2014,3.5,5.022,,,,,,
Spain,2014,18.0,1.32,77.18,26.41,52.51,64.24,79.05,72.48
Sri Lanka,2014,14.3,2.216,42.82,9.81,26.78,52.24,24.97,30.98
Sudan,2014,7.3,4.656,,,,,,
Suriname,2014,12.9,2.519,,,,,,
Sweden,2014,19.0,1.88,103.68,33.79,69.72,100.35,103.76,106.11
Switzerland,2014,16.0,1.54,143.88,63.84,104.99,148.5,145.59,138.05
Syrian Arab Republic,2014,8.7,3.005,,,,,,
Tajikistan,2014,10.6,3.621,,,,,,
Tanzania,2014,8.7,5.146,50.05,20.37,35.63,52.28,27.12,39.86
Thailand,2014,13.8,1.538,45.95,18.3,32.51,52.92,23.81,36.96
Timor-Leste,2014,12.0,4.292,,,,,,
Togo,2014,9.8,4.585,,,,,,
Tonga,2014,13.8,3.722,,,,,,
Trinidad and Tobago,2014,14.3,1.78,,,,,,
Tunisia,2014,15.5,2.252,41.25,9.82,25.98,38.36,28.73,34.36
Turkey,2014,15.1,2.109,49.93,12.81,31.9,40.56,37.53,55.79
Turkmenistan,2014,10.5,2.956,,,,,,
Uganda,2014,10.9,5.547,58.74,12.85,36.45,55.21,27.1,24.54
Ukraine,2014,15.2,1.498,45.64,15.13,30.82,40.81,40.21,31.0
United Arab Emirates,2014,14.1,1.595,68.25,64.26,66.31,61.67,65.23,110.64
United Kingdom,2014,18.4,1.81,100.11,44.19,72.94,94.25,96.94,94.34
United States,2014,17.2,1.8625,77.39,36.93,57.74,83.38,67.74,132.91
Uruguay,2014,17.1,2.002,77.36,25.26,52.05,68.66,71.63,39.64
Uzbekistan,2014,11.5,2.457,,,,,,
Vanuatu,2014,10.4,3.939,,,,,,
Venezuela,2014,15.3,2.365,114.36,39.59,78.03,132.15,96.24,17.87
Vietnam,2014,12.9,1.996,44.86,15.15,30.43,41.09,23.26,26.29
Yemen,2014,7.5,4.214,,,,,,
Zambia,2014,10.6,5.026,,,,,,
Zimbabwe,2014,10.1,3.974,69.86,20.32,45.79,66.92,53.92,27.73
Afghanistan,2015,7.8,4.976,,,,,,
Albania,2015,14.8,1.677,41.95,8.55,25.63,34.1,33.21,34.79
Algeria,2015,14.6,3.043,34.1,7.83,21.26,33.95,26.96,36.94
Angola,2015,8.7,5.774,,,,,,
Antigua and Barbuda,2015,13.1,2.003,,,,,,
Argentina,2015,18.4,2.301,67.12,18.26,43.24,61.47,64.4,59.38
Armenia,2015,13.4,1.738,40.68,9.65,25.52,33.2,32.71,27.74
Australia,2015,20.9,1.814,99.32,49.47,74.96,94.31,90.63,110.39
Austria,2015,16.3,1.49,76.87,29.2,53.57,73.56,70.43,104.55
Azerbaijan,2015,11.9,1.94,59.13,30.46,45.12,50.22,64.69,29.21
Bahrain,2015,15.8,2.056,56.17,37.39,46.99,55.32,54.19,59.69
Bangladesh,2015,10.6,2.12,39.22,5.85,22.91,40.11,25.52,33.43
Barbados,2015,16.7,1.614,,,,,,
Belarus,2015,16.0,1.724,50.2,17.64,34.29,45.38,57.88,35.82
Belgium,2015,20.8,1.7,87.22,30.96,59.73,79.54,95.93,86.16
Belize,2015,13.0,2.439,68.74,11.44,40.74,63.91,42.52,119.98
Benin,2015,11.9,5.047,,,,,,
Bhutan,2015,12.3,2.037,,,,,,
Bolivia,2015,13.5,2.886,40.02,10.84,25.76,33.95,26.01,41.1
Bosnia and Herzegovina,2015,14.0,1.296,,,,,,
Botswana,2015,12.7,2.968,,,,,,
Brazil,2015,15.8,1.753,55.33,18.53,37.35,44.31,45.44,41.16
Brunei Darussalam,2015,15.4,1.947,,,,,,
Bulgaria,2015,15.3,1.53,43.57,9.49,26.91,38.5,33.81,39.88
Burkina Faso,2015,8.0,5.436,,,,,,
Burundi,2015,11.3,5.697,,,,,,
Cabo Verde,2015,12.4,2.385,,,,,,
Cambodia,2015,10.8,2.593,57.05,14.82,36.41,68.86,26.07,11.93
Cameroon,2015,11.0,4.777,,,,,,
Canada,2015,16.4,1.563,81.8,33.08,57.99,87.41,74.07,105.07
Central African Republic,2015,5.8,4.941,,,,,,
Chad,2015,6.0,6.049,,,,,,
Chile,2015,16.6,1.75,53.21,17.12,35.58,47.77,44.59,55.11
China,2015,13.9,1.665,48.89,22.42,35.96,50.18,36.52,48.64
Colombia,2015,14.7,1.863,38.92,12.91,26.21,36.21,29.61,36.08
Comoros,2015,11.1,4.419,,,,,,
Congo,2015,11.3,4.587,,,,,,
Congo Democratic,2015,8.5,6.203,,,,,,
Costa Rica,2015,15.7,1.806,62.53,18.22,40.88,64.35,52.84,48.14
Croatia,2015,15.8,1.41,58.92,11.8,35.9,52.32,46.36,50.47
Cuba,2015,14.2,1.674,,,,,,
Cyprus,2015,15.0,1.354,72.52,16.2,45.0,66.06,75.18,71.05
Denmark,2015,20.1,1.71,100.6,34.71,68.4,88.59,117.53,105.7
Djibouti,2015,5.8,2.912,,,,,,
Dominican Republic,2015,14.5,2.405,55.95,12.34,34.64,55.21,44.16,28.2
Ecuador,2015,15.5,2.499,45.57,14.01,30.15,46.26,29.26,28.0
Egypt,2015,12.8,3.436,37.22,9.01,23.43,35.09,32.04,25.84
El Salvador,2015,12.5,2.101,50.64,10.59,31.07,44.45,36.33,28.67
Eritrea,2015,5.0,4.217,,,,,,
Estonia,2015,16.9,1.58,61.2,16.17,39.2,48.98,51.51,51.44
Ethiopia,2015,8.2,4.565,51.47,16.88,34.56,50.27,24.76,15.85
Finland,2015,20.1,1.65,89.68,29.87,60.45,84.3,92.38,101.17
France,2015,15.8,1.96,88.37,31.13,60.4,85.3,91.06,92.62
Gabon,2015,12.5,4.064,,,,,,
Gambia,2015,9.1,5.39,,,,,,
Georgia,2015,15.0,2.05,39.56,11.94,26.06,31.82,37.93,26.21
Germany,2015,16.9,1.5,76.27,27.16,52.27,64.85,72.46,111.84
Ghana,2015,11.4,4.041,71.83,54.15,63.19,73.39,59.13,14.17
Greece,2015,17.0,1.33,68.88,11.92,41.05,58.2,70.03,51.89
Grenada,2015,16.9,2.126,,,,,,
Guatemala,2015,10.6,3.029,50.42,14.05,32.65,51.53,35.75,38.02
Guinea,2015,7.8,4.933,,,,,,
Guyana,2015,11.8,2.534,,,,,,
Haiti,2015,8.8,3.098,,,,,,
Honduras,2015,10.7,2.581,53.06,10.12,32.08,49.71,33.92,62.64
Hong Kong,2015,16.3,1.196,75.23,81.09,78.09,79.46,53.82,74.93
Hungary,2015,15.6,1.45,48.9,9.52,29.66,39.3,37.78,46.85
Iceland,2015,20.5,1.8,102.14,35.86,69.75,103.76,105.21,70.84
India,2015,12.3,2.295,26.27,6.78,16.74,28.52,15.94,65.79
Indonesia,2015,12.8,2.389,39.35,13.85,26.89,44.12,21.91,26.01
Iran,2015,14.5,2.041,44.53,17.77,31.46,45.98,40.07,30.65
Iraq,2015,9.7,3.972,48.21,17.97,33.43,41.85,43.29,41.2
Ireland,2015,19.7,1.85,92.09,37.47,65.4,85.14,91.58,95.72
Israel,2015,16.5,3.09,79.29,30.26,55.33,69.19,85.34,88.18
Italy,2015,16.6,1.35,82.72,25.71,54.86,71.43,93.07,79.35
Jamaica,2015,14.1,2.026,63.56,14.78,39.73,59.42,44.12,43.53
Japan,2015,15.2,1.45,80.36,29.71,55.61,82.68,50.51,98.21
Jordan,2015,12.1,3.071,61.38,15.27,38.85,50.86,58.59,38.67
Kazakhstan,2015,15.4,2.74,54.27,19.41,37.24,44.37,58.98,43.48
Kenya,2015,10.2,3.765,50.01,17.11,33.93,50.55,34.83,28.74
Kiribati,2015,11.9,3.692,,,,,,
Kuwait,2015,14.3,2.083,92.97,40.91,67.53,118.45,54.59,85.7
Kyrgyz,2015,13.6,3.2,,,,,,
Lao,2015,10.9,2.796,,,,,,
Latvia,2015,16.5,1.7,55.94,13.01,34.96,44.79,47.18,44.39
Lebanon,2015,11.3,2.103,67.61,31.68,50.05,51.59,67.43,50.17
Lesotho,2015,11.0,3.218,,,,,,
Liberia,2015,9.1,4.54,,,,,,
Libya,2015,13.2,2.356,52.12,19.12,35.99,58.09,47.66,44.29
Liechtenstein,2015,13.4,1.4,,,,,,
Lithuania,2015,17.2,1.7,52.76,13.59,33.62,44.55,37.53,46.86
Luxembourg,2015,14.1,1.47,91.78,62.31,77.38,77.1,110.63,114.7
Madagascar,2015,10.5,4.241,,,,,,
Malawi,2015,11.3,4.527,,,,,,
Malaysia,2015,14.0,2.056,45.97,13.41,30.06,45.88,25.44,73.54
Maldives,2015,12.2,1.991,,,,,,
Mali,2015,6.7,6.145,,,,,,
Malta,2015,16.3,1.37,68.81,18.33,44.14,58.1,75.93,72.45
Mauritania,2015,8.5,4.738,,,,,,
Mauritius,2015,15.5,1.36,60.1,20.88,40.93,51.27,52.3,60.1
Mexico,2015,13.9,2.215,41.26,11.71,26.82,42.35,33.27,59.51
Moldova,2015,11.9,1.261,34.72,7.69,21.51,29.75,28.38,23.7
Mongolia,2015,15.6,2.918,,,,,,
Montenegro,2015,15.2,1.723,48.09,9.59,29.27,40.34,41.46,40.24
Morocco,2015,11.9,2.524,39.78,10.26,25.36,34.82,32.35,35.49
Mozambique,2015,9.2,5.062,59.92,34.18,47.34,52.71,71.25,41.2
Namibia,2015,12.4,3.54,53.67,20.68,37.55,46.69,51.35,42.86
Nepal,2015,12.6,2.098,28.85,3.23,16.33,27.8,18.66,21.33
Netherlands,2015,18.4,1.66,85.98,35.5,61.31,66.82,102.13,102.02
New Zealand,2015,19.7,1.99,93.71,35.76,65.39,92.51,86.31,90.99
Nicaragua,2015,12.4,2.48,47.85,7.9,28.33,43.27,28.34,20.62
Niger,2015,4.7,7.169,,,,,,
Nigeria,2015,9.2,5.592,59.4,22.37,41.3,54.04,49.6,40.23
North Macedonia,2015,13.4,1.507,37.41,7.02,22.56,31.99,28.48,35.48
Norway,2015,18.3,1.72,118.59,48.7,84.43,110.06,141.45,96.3
Oman,2015,15.3,2.939,54.2,28.96,41.87,47.38,44.45,106.83
Pakistan,2015,7.4,3.66,30.71,4.81,18.05,30.38,23.5,33.21
Panama,2015,13.3,2.54,55.16,31.22,43.46,61.03,40.39,43.34
Paraguay,2015,13.0,2.508,,,,,,
Peru,2015,13.8,2.323,49.43,17.01,33.58,47.65,34.29,30.64
Philippines,2015,12.9,2.805,40.0,7.53,24.13,41.14,23.13,35.41
Poland,2015,17.0,1.32,45.11,15.13,30.46,36.5,38.77,63.49
Portugal,2015,16.3,1.31,58.22,18.29,38.71,47.4,51.07,58.22
Qatar,2015,14.2,1.929,74.0,76.31,75.13,65.4,78.14,113.02
Romania,2015,14.9,1.62,42.39,10.01,26.57,37.43,35.06,40.62
Russian Federation,2015,15.7,1.777,,,,,,
Rwanda,2015,10.9,4.157,,,,,,
Samoa,2015,12.8,4.029,,,,,,
Sao Tome and Principe,2015,12.6,4.477,,,,,,
Saudi Arabia,2015,15.8,2.507,50.35,15.22,33.19,46.91,34.83,126.19
Senegal,2015,9.4,4.841,,,,,,
Serbia,2015,15.0,1.46,43.29,8.47,26.28,35.0,37.2,39.15
Seychelles,2015,16.2,2.31,,,,,,
Sierra Leone,2015,9.1,4.561,,,,,,
Singapore,2015,16.3,1.24,93.61,84.62,89.22,81.52,59.46,75.4
Slovakia,2015,15.5,1.4,51.6,17.42,34.9,46.94,38.13,56.05
Slovenia,2015,18.0,1.57,65.15,17.27,41.75,55.58,54.03,64.16
Solomon Islands,2015,9.8,4.459,,,,,,
South Africa,2015,13.7,2.484,45.58,16.95,31.59,40.41,41.52,101.78
South Korea,2015,15.9,1.239,82.9,35.55,59.76,98.06,52.51,85.83
South Sudan,2015,3.5,4.937,,,,,,
Spain,2015,18.1,1.33,65.7,21.53,44.11,54.17,71.09,76.71
Sri Lanka,2015,14.3,2.213,41.66,10.74,26.55,50.79,22.81,28.24
Sudan,2015,7.4,4.594,,,,,,
Suriname,2015,13.4,2.494,,,,,,
Sweden,2015,19.3,1.85,82.91,27.49,55.83,78.72,89.99,110.95
Switzerland,2015,16.1,1.54,126.03,57.63,92.61,128.44,127.64,146.51
Syrian Arab Republic,2015,8.7,2.94,,,,,,
Tajikistan,2015,10.6,3.623,,,,,,
Tanzania,2015,8.5,5.079,57.13,29.62,43.68,58.21,39.01,47.16
Thailand,2015,14.1,1.538,46.52,16.72,31.96,52.74,24.72,38.75
Timor-Leste,2015,12.1,4.219,,,,,,
Togo,2015,9.9,4.516,,,,,,
Tonga,2015,14.1,3.678,,,,,,
Trinidad and Tobago,2015,13.6,1.767,,,,,,
Tunisia,2015,15.6,2.251,34.06,8.47,21.56,31.97,23.26,36.75
Turkey,2015,15.5,2.101,49.55,11.5,30.96,39.94,38.74,53.63
Turkmenistan,2015,10.6,2.93,,,,,,
Uganda,2015,11.0,5.394,53.9,8.34,31.64,49.84,26.6,16.91
Ukraine,2015,15.2,1.506,41.29,12.68,27.31,35.53,38.18,27.87
United Arab Emirates,2015,14.2,1.541,67.16,66.86,67.02,60.3,63.67,104.59
United Kingdom,2015,17.9,1.8,92.19,39.19,66.29,84.58,95.97,98.12
United States,2015,17.2,1.8435,76.53,36.17,56.81,81.81,68.06,126.09
Uruguay,2015,16.9,1.997,68.55,21.8,45.71,60.62,64.57,44.87
Uzbekistan,2015,11.5,2.491,55.92,13.74,35.31,49.89,43.13,23.16
Vanuatu,2015,10.9,3.898,,,,,,
Venezuela,2015,15.1,2.34,111.01,34.13,73.44,128.43,91.09,11.9
Vietnam,2015,12.9,2.014,41.86,14.86,28.67,39.42,22.69,21.32
Yemen,2015,7.5,4.103,,,,,,
Zambia,2015,10.6,4.918,,,,,,
Zimbabwe,2015,10.2,3.896,65.89,19.8,43.37,59.42,54.33,33.4
Afghanistan,2016,7.9,4.8,,,,,,
Albania,2016,14.9,1.659,33.81,7.12,20.98,27.33,27.59,43.58
Algeria,2016,14.7,3.052,28.89,7.1,18.42,30.5,18.77,49.46
Angola,2016,11.0,5.686,,,,,,
Antigua and Barbuda,2016,13.1,2.003,,,,,,
Argentina,2016,18.5,2.288,64.09,18.07,41.97,52.51,64.19,74.92
Armenia,2016,13.6,1.744,35.49,9.77,23.13,28.3,30.98,33.08
Australia,2016,20.9,1.752,78.45,40.95,60.43,74.68,74.85,147.25
Austria,2016,16.3,1.53,66.59,26.15,47.16,61.71,62.64,120.46
Azerbaijan,2016,12.1,1.9,28.93,11.08,20.35,24.16,28.41,41.07
Bahrain,2016,15.8,2.033,48.2,33.74,41.25,44.15,48.58,101.01
Bangladesh,2016,11.2,2.09,35.5,5.3,20.99,32.58,21.26,44.48
Barbados,2016,16.7,1.613,,,,,,
Belarus,2016,15.9,1.733,39.45,13.25,26.86,32.44,49.3,39.16
Belgium,2016,20.8,1.68,75.44,31.42,54.28,67.15,82.87,106.69
Belize,2016,13.0,2.391,59.42,11.88,36.57,51.2,38.11,146.27
Benin,2016,11.9,4.977,,,,,,
Bhutan,2016,12.2,2.014,,,,,,
Bolivia,2016,13.6,2.829,37.44,10.02,24.27,30.58,24.42,53.95
Bosnia and Herzegovina,2016,13.9,1.286,,,,,,
Botswana,2016,12.8,2.942,37.65,8.49,23.64,31.46,29.96,76.27
Brazil,2016,15.9,1.747,38.88,12.3,26.1,29.92,31.55,48.69
Brunei Darussalam,2016,15.1,1.915,,,,,,
Bulgaria,2016,15.3,1.54,36.36,8.45,22.95,30.9,29.89,59.19
Burkina Faso,2016,8.3,5.353,,,,,,
Burundi,2016,11.4,5.599,,,,,,
Cabo Verde,2016,12.2,2.346,,,,,,
Cambodia,2016,10.9,2.559,47.29,12.36,30.5,52.24,22.56,16.4
Cameroon,2016,11.0,4.708,,,,,,
Canada,2016,16.5,1.5433,64.82,26.83,46.56,65.04,60.04,134.81
Central African Republic,2016,6.2,4.87,,,,,,
Chad,2016,5.8,5.947,,,,,,
Chile,2016,16.7,1.713,43.88,13.12,29.1,38.49,36.25,78.4
China,2016,13.9,1.675,48.1,23.24,36.15,53.27,29.28,77.42
Colombia,2016,14.7,1.843,29.25,9.46,19.74,24.72,20.86,45.99
Comoros,2016,11.1,4.347,,,,,,
Congo,2016,11.5,4.536,,,,,,
Congo Democratic,2016,8.7,6.112,,,,,,
Costa Rica,2016,15.8,1.789,57.76,16.15,37.76,56.87,46.54,67.59
Croatia,2016,15.8,1.43,48.2,9.71,29.7,40.68,37.57,67.89
Cuba,2016,14.2,1.656,,,,,,
Cyprus,2016,15.1,1.345,56.99,13.1,35.9,48.0,59.72,93.84
Denmark,2016,19.8,1.79,84.88,30.83,58.9,69.2,97.88,142.14
Djibouti,2016,5.8,2.846,,,,,,
Dominican Republic,2016,14.5,2.387,51.38,12.07,32.49,48.0,39.33,36.44
Ecuador,2016,15.7,2.475,44.32,12.12,28.84,43.4,27.95,47.64
Egypt,2016,13.1,3.41,36.71,9.63,23.69,33.13,31.8,40.3
El Salvador,2016,12.5,2.079,42.56,9.76,26.79,38.38,28.83,43.15
Eritrea,2016,4.9,4.164,,,,,,
Estonia,2016,16.9,1.6,48.94,13.5,31.91,38.5,44.13,77.42
Ethiopia,2016,8.2,4.456,44.27,21.3,33.23,38.42,24.34,20.74
Finland,2016,20.1,1.57,75.25,26.98,52.05,66.59,76.85,132.93
France,2016,15.9,1.92,75.3,26.22,51.72,69.62,73.48,118.51
Gabon,2016,12.5,4.039,,,,,,
Gambia,2016,9.3,5.338,,,,,,
Georgia,2016,15.3,2.059,28.71,10.64,20.02,24.61,26.9,30.88
Germany,2016,16.9,1.6,65.54,24.01,45.58,53.12,60.68,147.61
Ghana,2016,11.4,3.984,63.44,53.34,58.59,59.32,51.88,18.44
Greece,2016,17.0,1.38,54.4,9.51,32.82,44.75,55.07,79.27
Grenada,2016,17.4,2.104,,,,,,
Guatemala,2016,10.6,2.973,44.08,11.42,28.38,41.76,33.02,51.59
Guinea,2016,7.7,4.854,,,,,,
Guyana,2016,11.9,2.509,,,,,,
Haiti,2016,8.9,3.041,,,,,,
Honduras,2016,10.6,2.536,47.85,9.62,29.48,44.28,33.53,70.66
Hong Kong,2016,16.3,1.205,81.48,82.57,82.0,88.8,50.73,102.32
Hungary,2016,15.4,1.53,41.29,10.54,26.51,33.18,30.75,56.3
Iceland,2016,20.5,1.74,96.45,35.45,67.13,91.4,98.82,93.98
India,2016,12.9,2.266,24.14,6.37,15.6,24.92,15.31,89.65
Indonesia,2016,12.9,2.362,36.33,9.86,23.61,40.9,18.41,35.51
Iran,2016,14.7,2.083,41.12,16.38,29.23,38.6,35.05,47.73
Iraq,2016,9.7,3.864,50.56,17.4,34.63,42.06,45.93,57.22
Ireland,2016,19.7,1.81,78.03,37.87,58.73,66.59,82.3,125.66
Israel,2016,16.5,3.11,75.75,26.78,52.21,65.71,77.27,115.54
Italy,2016,16.6,1.34,68.77,21.49,46.05,58.64,75.27,105.67
Jamaica,2016,13.9,2.009,55.7,12.56,34.97,54.12,38.73,48.83
Japan,2016,15.2,1.44,81.25,29.75,56.5,86.9,47.45,117.55
Jordan,2016,12.1,2.954,53.08,12.04,33.35,43.75,52.38,50.89
Kazakhstan,2016,15.4,2.77,26.82,9.53,18.52,21.48,27.65,59.3
Kenya,2016,10.3,3.663,39.84,12.66,26.78,37.86,29.11,31.07
Kiribati,2016,12.2,3.651,,,,,,
Kuwait,2016,14.3,2.082,81.62,38.26,60.78,96.13,46.01,113.6
Kyrgyz,2016,13.7,3.1,,,,,,
Lao,2016,10.9,2.751,,,,,,
Latvia,2016,16.5,1.74,47.14,12.67,30.57,36.25,40.45,61.46
Lebanon,2016,11.2,2.104,63.08,35.05,49.61,48.75,59.7,66.57
Lesotho,2016,10.8,3.197,,,,,,
Liberia,2016,9.1,4.461,,,,,,
Libya,2016,13.1,2.317,39.66,14.08,27.36,39.71,32.17,62.51
Liechtenstein,2016,13.4,1.61,,,,,,
Lithuania,2016,17.0,1.69,45.56,12.45,29.65,37.32,35.42,61.25
Luxembourg,2016,14.1,1.41,82.01,48.87,66.08,69.16,90.33,154.4
Madagascar,2016,10.3,4.184,,,,,,
Malawi,2016,11.1,4.407,,,,,,
Malaysia,2016,14.1,2.037,37.47,11.06,24.78,37.54,19.85,96.34
Maldives,2016,12.1,1.947,,,,,,
Mali,2016,6.8,6.057,,,,,,
Malta,2016,16.4,1.37,61.36,20.23,41.59,51.89,66.63,82.77
Mauritania,2016,8.5,4.679,,,,,,
Mauritius,2016,15.5,1.4,47.89,15.12,32.14,44.1,37.22,71.93
Mexico,2016,14.4,2.186,35.01,9.88,22.93,33.71,28.19,76.51
Moldova,2016,11.9,1.259,25.7,7.12,16.77,20.38,18.64,32.04
Mongolia,2016,14.6,2.923,,,,,,
Montenegro,2016,15.2,1.73,39.49,9.2,24.93,31.77,35.84,52.5
Morocco,2016,12.0,2.489,35.56,9.67,23.12,31.74,23.98,48.74
Mozambique,2016,9.2,4.992,,,,,,
Namibia,2016,12.4,3.496,39.74,16.67,28.65,32.66,35.68,49.16
Nepal,2016,12.6,2.027,27.34,3.0,15.64,24.99,14.43,31.2
Netherlands,2016,18.3,1.66,72.12,31.76,52.72,56.11,80.73,129.34
New Zealand,2016,19.7,1.87,78.17,29.71,54.88,72.06,75.37,115.47
Nicaragua,2016,12.5,2.455,,,,,,
Niger,2016,4.7,7.087,,,,,,
Nigeria,2016,9.2,5.526,47.16,22.9,35.5,42.68,35.78,48.87
North Macedonia,2016,13.6,1.506,31.05,5.92,18.97,26.14,21.17,46.74
Norway,2016,18.6,1.71,99.8,37.04,69.64,93.27,110.77,125.75
Oman,2016,15.5,2.937,53.12,24.73,39.48,47.08,43.86,148.16
Pakistan,2016,7.8,3.612,26.69,4.68,16.11,25.4,20.64,43.34
Panama,2016,13.3,2.514,52.57,30.53,41.98,55.25,40.41,48.09
Paraguay,2016,13.0,2.479,,,,,,
Peru,2016,13.9,2.297,38.04,13.07,26.04,35.46,25.22,47.52
Philippines,2016,12.9,2.718,34.73,6.72,21.27,34.56,18.59,42.86
Poland,2016,17.3,1.39,38.53,13.54,26.52,30.76,31.71,80.77
Portugal,2016,16.3,1.36,49.83,15.28,33.23,40.58,41.56,75.47
Qatar,2016,14.1,1.907,69.99,74.5,72.16,59.46,69.32,141.86
Romania,2016,14.6,1.69,34.8,8.63,22.22,28.79,29.17,61.9
Russian Federation,2016,15.9,1.762,,,,,,
Rwanda,2016,11.2,4.123,,,,,,
Samoa,2016,12.8,3.976,,,,,,
Sao Tome and Principe,2016,12.3,4.426,,,,,,
Saudi Arabia,2016,15.8,2.435,47.6,13.78,31.35,41.81,30.0,167.86
Senegal,2016,9.3,4.77,,,,,,
Serbia,2016,15.1,1.46,33.56,6.69,20.65,25.77,25.64,49.62
Seychelles,2016,16.3,2.39,,,,,,
Sierra Leone,2016,9.3,4.457,,,,,,
Singapore,2016,16.4,1.2,83.67,73.88,78.97,75.83,53.75,110.5
Slovakia,2016,15.5,1.48,45.0,14.98,30.57,40.59,31.81,68.8
Slovenia,2016,18.0,1.58,52.19,14.71,34.18,42.78,42.78,89.76
Solomon Islands,2016,9.7,4.452,,,,,,
South Africa,2016,13.7,2.457,34.75,13.18,24.38,29.15,32.27,126.1
South Korea,2016,15.9,1.172,73.18,34.41,54.55,86.23,41.18,120.64
South Sudan,2016,3.5,4.855,,,,,,
Spain,2016,18.2,1.34,56.11,18.86,38.21,46.02,56.99,105.31
Sri Lanka,2016,14.1,2.211,34.11,8.6,21.85,38.52,21.15,32.95
Sudan,2016,7.5,4.532,,,,,,
Suriname,2016,13.4,2.469,,,,,,
Sweden,2016,19.6,1.85,75.7,25.21,51.44,67.89,79.18,128.22
Switzerland,2016,16.1,1.54,123.1,55.14,90.44,123.86,119.14,178.74
Syrian Arab Republic,2016,8.7,2.889,,,,,,
Tajikistan,2016,10.6,3.618,,,,,,
Tanzania,2016,8.5,5.015,49.51,25.71,38.07,42.76,35.74,53.86
Thailand,2016,14.5,1.537,40.02,15.18,28.08,43.8,20.22,40.06
Timor-Leste,2016,12.1,4.156,,,,,,
Togo,2016,10.0,4.449,,,,,,
Tonga,2016,14.4,3.636,,,,,,
Trinidad and Tobago,2016,13.8,1.753,,,,,,
Tunisia,2016,15.6,2.238,30.67,7.05,19.32,29.9,18.34,46.24
Turkey,2016,15.7,2.092,45.07,10.45,28.43,39.89,31.89,64.12
Turkmenistan,2016,10.7,2.887,,,,,,
Uganda,2016,11.0,5.242,,,,,,
Ukraine,2016,15.2,1.466,28.56,9.47,19.39,22.43,22.75,29.66
United Arab Emirates,2016,14.3,1.491,66.09,68.25,67.13,57.23,59.85,136.43
United Kingdom,2016,18.0,1.79,81.03,36.29,59.53,68.48,86.68,120.0
United States,2016,17.2,1.8205,74.08,38.39,56.93,75.69,69.13,139.17
Uruguay,2016,16.9,1.991,55.63,15.81,36.49,48.14,52.75,50.59
Uzbekistan,2016,11.7,2.455,44.67,12.55,29.23,40.76,29.35,31.11
Vanuatu,2016,10.9,3.859,,,,,,
Venezuela,2016,14.7,2.317,60.02,11.51,36.71,73.7,47.09,14.27
Vietnam,2016,12.9,2.03,39.5,13.94,27.22,39.51,18.24,25.88
Yemen,2016,7.4,3.994,,,,,,
Zambia,2016,10.6,4.814,45.53,21.28,33.88,34.04,31.59,142.24
Zimbabwe,2016,10.2,3.804,54.51,14.59,35.32,46.0,45.37,36.42
Afghanistan,2017,8.0,4.633,,,,,,
Albania,2017,15.0,1.638,32.42,6.3,19.9,26.07,25.06,34.49
Algeria,2017,14.9,3.045,32.38,6.83,20.14,32.5,20.12,36.66
Angola,2017,11.0,5.6,,,,,,
Antigua and Barbuda,2017,13.1,1.999,,,,,,
Argentina,2017,18.7,2.275,52.57,13.92,34.05,44.06,50.37,58.4
Armenia,2017,13.6,1.75,33.87,9.91,22.39,26.83,31.03,32.88
Australia,2017,23.3,1.741,80.66,42.54,62.39,76.87,77.12,101.94
Austria,2017,16.4,1.52,71.52,25.86,49.64,65.86,66.94,95.66
Azerbaijan,2017,12.2,1.75,27.76,10.66,19.57,22.93,29.25,30.8
Bahrain,2017,16.1,2.01,57.78,31.64,45.26,55.45,49.24,94.78
Bangladesh,2017,11.6,2.062,36.1,5.61,21.49,32.71,24.86,37.0
Barbados,2017,16.7,1.615,,,,,,
Belarus,2017,15.9,1.541,33.84,12.21,23.47,27.19,37.6,36.43
Belgium,2017,20.8,1.65,75.36,29.64,53.44,65.77,82.34,91.02
Belize,2017,13.0,2.346,55.8,11.35,34.5,49.35,33.41,134.33
Benin,2017,11.1,4.906,,,,,,
Bhutan,2017,12.2,1.994,,,,,,
Bolivia,2017,14.0,2.777,38.65,11.07,25.43,32.13,27.97,46.74
Bosnia and Herzegovina,2017,13.9,1.276,,,,,,
Botswana,2017,12.9,2.91,,,,,,
Brazil,2017,15.8,1.739,53.07,15.52,35.07,41.65,42.33,42.38
Brunei Darussalam,2017,14.8,1.881,,,,,,
Bulgaria,2017,15.0,1.56,36.49,8.91,23.27,30.49,29.56,51.4
Burkina Faso,2017,8.3,5.271,,,,,,
Burundi,2017,10.9,5.502,,,,,,
Cabo Verde,2017,12.1,2.309,,,,,,
Cambodia,2017,10.9,2.53,46.77,14.55,31.33,50.58,22.11,16.59
Cameroon,2017,11.6,4.639,,,,,,
Canada,2017,16.6,1.4961,70.16,29.84,50.83,69.26,65.65,108.01
Central African Republic,2017,6.2,4.796,,,,,,
Chad,2017,6.0,5.846,,,,,,
Chile,2017,16.7,1.678,50.09,15.43,33.48,43.19,44.38,61.28
China,2017,13.9,1.683,44.76,18.67,32.26,47.74,29.68,67.84
Colombia,2017,14.7,1.825,34.45,10.69,23.06,28.76,24.97,37.63
Comoros,2017,11.1,4.275,,,,,,
Congo,2017,11.5,4.482,,,,,,
Congo Democratic,2017,8.7,6.017,,,,,,
Costa Rica,2017,15.8,1.772,58.57,18.76,39.5,57.55,45.38,53.63
Croatia,2017,15.7,1.42,48.0,10.09,29.83,39.91,37.53,60.71
Cuba,2017,14.3,1.637,,,,,,
Cyprus,2017,15.1,1.337,54.07,12.28,34.04,44.06,58.05,95.92
Denmark,2017,19.8,1.75,83.02,35.02,60.01,63.84,101.01,98.76
Djibouti,2017,5.8,2.785,,,,,,
Dominican Republic,2017,14.5,2.367,52.09,12.54,33.14,46.92,42.31,29.08
Ecuador,2017,15.7,2.451,46.1,12.44,29.97,44.87,30.41,37.77
Egypt,2017,13.1,3.37,22.36,5.03,14.05,19.01,18.56,29.39
El Salvador,2017,12.2,2.059,45.95,9.38,28.42,41.17,35.15,29.7
Eritrea,2017,4.6,4.112,,,,,,
Estonia,2017,16.9,1.59,49.5,13.98,32.47,36.74,46.76,68.48
Ethiopia,2017,8.2,4.35,45.72,20.83,33.79,36.9,23.9,16.66
Finland,2017,20.1,1.49,73.06,26.95,50.96,61.47,76.43,114.97
France,2017,15.9,1.9,74.89,24.83,50.9,69.54,72.89,87.29
Gabon,2017,12.5,4.008,,,,,,
Gambia,2017,9.5,5.281,,,,,,
Georgia,2017,15.7,2.062,27.37,8.57,18.36,22.26,26.65,33.03
Germany,2017,16.9,1.57,65.5,25.35,46.26,50.09,62.62,124.88
Ghana,2017,11.4,3.926,60.48,46.73,53.89,56.35,43.38,14.52
Greece,2017,17.0,1.35,55.87,10.2,33.98,44.95,54.62,58.24
Grenada,2017,17.4,2.083,,,,,,
Guatemala,2017,10.5,2.92,46.01,14.31,30.82,43.88,32.63,48.18
Guinea,2017,7.7,4.777,,,,,,
Guyana,2017,11.9,2.485,,,,,,
Haiti,2017,8.9,2.986,,,,,,
Honduras,2017,10.6,2.496,47.4,11.6,30.24,39.37,36.27,37.49
Hong Kong,2017,16.3,1.125,79.96,84.08,81.93,81.88,54.87,81.45
Hungary,2017,15.4,1.54,42.77,12.67,28.35,33.62,32.72,47.52
Iceland,2017,20.5,1.71,111.71,46.53,80.47,103.88,119.74,77.62
India,2017,12.9,2.243,25.08,6.77,16.31,25.2,16.38,76.73
Indonesia,2017,12.9,2.336,41.11,11.66,26.99,45.8,20.29,27.61
Iran,2017,14.5,2.116,38.26,17.05,28.09,33.53,33.17,43.18
Iraq,2017,10.1,3.762,47.04,15.22,31.79,39.2,44.43,55.09
Ireland,2017,19.7,1.77,76.98,40.64,59.56,62.21,81.38,103.52
Israel,2017,16.5,3.11,77.74,28.44,54.11,65.39,81.35,94.47
Italy,2017,16.6,1.32,83.7,21.49,53.89,73.94,76.24,71.83
Jamaica,2017,13.9,1.993,56.9,11.92,35.34,55.96,39.04,36.61
Japan,2017,15.2,1.43,85.28,27.56,57.62,89.92,47.83,102.52
Jordan,2017,12.1,2.849,59.22,12.51,36.83,50.19,56.19,42.27
Kazakhstan,2017,15.5,2.75,30.74,11.27,21.41,24.83,32.04,44.84
Kenya,2017,10.3,3.572,39.0,9.68,24.95,37.65,29.98,30.99
Kiribati,2017,12.2,3.61,,,,,,
Kuwait,2017,14.3,2.083,75.24,37.82,57.31,81.39,45.79,69.68
Kyrgyz,2017,13.7,3.0,,,,,,
Lao,2017,10.9,2.709,,,,,,
Latvia,2017,16.5,1.69,47.83,12.09,30.7,36.72,41.16,52.45
Lebanon,2017,11.2,2.097,61.65,30.89,46.91,46.92,60.23,53.61
Lesotho,2017,11.1,3.171,,,,,,
Liberia,2017,9.1,4.387,,,,,,
Libya,2017,13.0,2.277,45.85,18.8,32.88,47.01,35.69,132.65
Liechtenstein,2017,13.4,1.44,,,,,,
Lithuania,2017,16.9,1.63,46.73,13.25,30.69,36.15,40.08,51.67
Luxembourg,2017,14.1,1.39,77.28,49.95,64.18,65.94,87.3,97.4
Madagascar,2017,10.3,4.13,,,,,,
Malawi,2017,10.9,4.302,,,,,,
Malaysia,2017,14.1,2.019,40.24,11.19,26.32,42.44,20.87,73.34
Maldives,2017,12.2,1.906,,,,,,
Mali,2017,6.7,5.968,,,,,,
Malta,2017,16.4,1.26,62.8,23.2,43.82,52.83,66.89,68.09
Mauritania,2017,8.5,4.619,,,,,,
Mauritius,2017,15.5,1.44,50.39,12.62,32.29,43.28,35.81,50.77
Mexico,2017,14.4,2.157,29.81,8.37,19.53,28.06,25.8,60.08
Moldova,2017,11.9,1.259,28.37,7.85,18.54,21.97,20.32,29.38
Mongolia,2017,14.7,2.914,55.56,29.65,43.14,53.99,31.81,22.83
Montenegro,2017,15.2,1.738,39.35,9.54,25.06,31.1,35.03,46.61
Morocco,2017,12.0,2.451,35.53,10.44,23.5,31.51,23.89,41.2
Mozambique,2017,9.2,4.922,,,,,,
Namibia,2017,12.7,3.447,46.48,21.03,34.28,40.86,43.21,50.49
Nepal,2017,12.6,1.967,30.02,3.36,17.24,26.38,16.27,25.09
Netherlands,2017,18.3,1.62,72.47,32.45,53.29,55.95,82.27,86.52
New Zealand,2017,19.7,1.81,80.77,33.8,58.26,73.13,77.46,89.87
Nicaragua,2017,12.5,2.43,,,,,,
Niger,2017,4.7,7.001,,,,,,
Nigeria,2017,9.3,5.457,36.82,17.62,27.62,37.02,22.37,25.23
North Macedonia,2017,13.6,1.501,30.93,6.02,18.99,25.41,20.74,39.85
Norway,2017,18.6,1.62,106.31,39.88,74.47,98.31,117.13,105.58
Oman,2017,15.5,2.92,52.59,27.92,40.77,49.34,51.26,111.86
Pakistan,2017,7.8,3.562,27.18,5.03,16.57,24.83,21.01,39.95
Panama,2017,13.3,2.487,56.88,31.86,44.89,57.44,47.42,38.48
Paraguay,2017,13.0,2.453,,,,,,
Peru,2017,13.9,2.275,39.47,17.23,28.81,36.17,25.5,41.2
Philippines,2017,12.9,2.64,34.71,7.32,21.58,33.95,19.86,36.0
Poland,2017,17.3,1.48,38.15,13.93,26.54,29.69,31.53,71.75
Portugal,2017,16.2,1.38,49.19,16.77,33.66,39.14,41.24,62.72
Qatar,2017,14.1,1.886,69.2,66.81,68.06,56.09,72.73,111.28
Romania,2017,14.6,1.71,35.63,9.59,23.15,29.05,30.16,53.44
Russian Federation,2017,15.9,1.621,,,,,,
Rwanda,2017,11.2,4.088,,,,,,
Samoa,2017,12.9,3.926,,,,,,
Sao Tome and Principe,2017,12.8,4.374,,,,,,
Saudi Arabia,2017,15.8,2.373,48.37,14.36,32.07,40.54,30.22,138.05
Senegal,2017,9.4,4.697,,,,,,
Serbia,2017,15.1,1.49,33.79,7.25,21.07,24.96,27.2,40.8
Seychelles,2017,16.2,2.41,,,,,,
Sierra Leone,2017,9.4,4.359,,,,,,
Singapore,2017,16.4,1.16,82.41,70.22,76.57,71.68,58.33,92.7
Slovakia,2017,15.5,1.52,44.9,16.49,31.29,38.84,33.17,64.75
Slovenia,2017,18.0,1.62,53.24,14.06,34.46,43.48,43.13,78.23
Solomon Islands,2017,9.7,4.434,,,,,,
South Africa,2017,13.7,2.43,43.12,16.33,30.28,36.27,40.2,98.96
South Korea,2017,15.9,1.052,75.41,22.02,49.82,88.52,44.62,102.38
South Sudan,2017,3.5,4.775,,,,,,
Spain,2017,18.2,1.31,54.98,18.83,37.65,44.68,53.68,87.87
Sri Lanka,2017,14.1,2.206,33.47,8.74,21.62,36.79,19.51,30.28
Sudan,2017,7.7,4.469,,,,,,
Suriname,2017,13.4,2.443,,,,,,
Sweden,2017,19.6,1.78,75.88,26.86,52.39,67.94,78.27,107.23
Switzerland,2017,16.1,1.52,122.06,56.57,90.68,122.72,119.85,95.35
Syrian Arab Republic,2017,8.7,2.847,,,,,,
Tajikistan,2017,10.7,3.606,,,,,,
Tanzania,2017,8.4,4.953,48.51,22.8,36.19,37.55,33.48,41.95
Thailand,2017,14.8,1.532,43.71,14.94,29.92,48.31,21.42,34.28
Timor-Leste,2017,12.1,4.093,,,,,,
Togo,2017,10.0,4.384,,,,,,
Tonga,2017,14.4,3.595,,,,,,
Trinidad and Tobago,2017,13.8,1.739,,,,,,
Tunisia,2017,15.7,2.219,28.74,6.1,17.89,27.58,16.95,40.19
Turkey,2017,15.9,2.081,38.6,10.56,25.16,33.46,26.45,55.64
Turkmenistan,2017,10.8,2.836,,,,,,
Uganda,2017,11.0,5.095,34.14,6.83,21.05,29.41,20.79,19.42
Ukraine,2017,15.2,1.374,26.22,9.36,18.14,19.87,19.69,26.93
United Arab Emirates,2017,14.3,1.448,67.98,68.84,68.39,55.36,63.92,116.77
United Kingdom,2017,18.0,1.74,69.49,30.98,51.03,55.85,76.84,96.85
United States,2017,17.2,1.7655,75.42,40.3,58.59,75.57,70.02,123.17
Uruguay,2017,16.9,1.983,70.29,18.57,45.5,56.82,67.62,32.86
Uzbekistan,2017,11.8,2.419,,,,,,
Vanuatu,2017,10.9,3.82,,,,,,
Venezuela,2017,13.8,2.294,38.3,7.51,23.55,39.4,37.34,3.35
Vietnam,2017,12.9,2.042,40.11,15.49,28.31,39.6,20.46,24.77
Yemen,2017,7.4,3.89,,,,,,
Zambia,2017,10.6,4.718,44.73,21.94,33.81,33.83,32.32,89.93
Zimbabwe,2017,10.3,3.707,51.56,13.58,33.36,44.75,39.95,27.18
Afghanistan,2018,7.9,4.473,,,,,,
Albania,2018,15.8,1.617,37.88,7.33,23.15,30.87,29.08,37.03
Algeria,2018,14.9,3.023,32.13,6.05,19.55,33.8,17.6,35.98
Angola,2018,11.0,5.519,,,,,,
Antigua and Barbuda,2018,13.1,1.994,,,,,,
Argentina,2018,18.9,2.261,53.74,13.84,34.5,44.64,53.69,60.15
Armenia,2018,13.6,1.755,33.45,8.81,21.57,27.75,31.21,31.78
Australia,2018,22.6,1.74,84.3,41.85,63.83,80.66,81.57,122.98
Austria,2018,16.6,1.47,81.47,29.28,56.3,76.77,75.85,98.69
Azerbaijan,2018,12.4,1.73,30.62,9.5,20.43,27.43,30.59,28.71
Bahrain,2018,16.1,1.987,59.63,31.05,45.84,57.99,54.16,72.29
Bangladesh,2018,11.6,2.036,31.99,5.55,19.24,30.25,21.2,39.57
Barbados,2018,16.6,1.619,,,,,,
Belarus,2018,15.7,1.448,34.06,10.58,22.74,27.91,35.76,41.32
Belgium,2018,20.6,1.62,83.35,28.05,56.68,72.79,93.25,98.91
Belize,2018,13.4,2.307,,,,,,
Benin,2018,11.4,4.836,,,,,,
Bhutan,2018,12.2,1.975,,,,,,
Bolivia,2018,14.0,2.73,36.53,9.87,23.67,28.84,28.52,44.68
Bosnia and Herzegovina,2018,13.9,1.265,,,,,,
Botswana,2018,12.8,2.874,,,,,,
Brazil,2018,15.8,1.73,51.33,13.89,33.27,39.69,41.21,41.56
Brunei Darussalam,2018,14.8,1.848,,,,,,
Bulgaria,2018,15.0,1.56,41.21,9.81,26.06,35.2,33.61,54.44
Burkina Faso,2018,8.7,5.189,,,,,,
Burundi,2018,10.9,5.41,,,,,,
Cabo Verde,2018,12.1,2.274,,,,,,
Cambodia,2018,10.9,2.503,45.92,13.55,30.31,49.33,23.07,14.94
Cameroon,2018,11.9,4.572,,,,,,
Canada,2018,16.6,1.4988,72.48,30.82,52.38,71.44,68.7,118.92
Central African Republic,2018,6.2,4.721,,,,,,
Chad,2018,6.0,5.747,,,,,,
Chile,2018,16.8,1.649,55.24,16.61,36.61,47.8,51.4,54.53
China,2018,13.9,1.69,44.56,18.38,31.93,47.73,29.59,72.28
Colombia,2018,14.9,1.807,35.29,10.13,23.16,29.52,26.68,38.59
Comoros,2018,11.1,4.205,,,,,,
Congo,2018,11.5,4.428,,,,,,
Congo Democratic,2018,8.7,5.919,,,,,,
Costa Rica,2018,15.8,1.754,56.2,17.65,37.61,55.56,45.89,54.7
Croatia,2018,15.7,1.47,55.06,12.02,34.31,46.33,43.42,59.77
Cuba,2018,14.8,1.618,,,,,,
Cyprus,2018,15.1,1.329,60.32,15.44,38.68,49.67,65.36,94.78
Denmark,2018,19.8,1.73,93.3,36.62,65.96,72.46,113.39,117.53
Djibouti,2018,6.0,2.728,,,,,,
Dominican Republic,2018,14.8,2.346,47.9,10.3,29.77,41.87,43.65,27.43
Ecuador,2018,15.7,2.427,44.28,11.18,28.32,42.85,30.82,39.39
Egypt,2018,13.1,3.326,25.69,5.07,15.75,23.01,21.02,24.67
El Salvador,2018,11.9,2.039,47.87,11.45,30.31,46.79,36.16,30.92
Eritrea,2018,4.6,4.056,,,,,,
Estonia,2018,16.8,1.67,57.65,15.81,37.47,43.8,56.8,74.82
Ethiopia,2018,8.3,4.247,47.55,24.02,36.2,39.15,20.21,14.98
Finland,2018,20.1,1.41,81.7,29.72,56.63,68.78,86.89,119.42
France,2018,15.8,1.88,83.86,28.62,57.22,78.06,81.87,101.21
Gabon,2018,12.5,3.969,,,,,,
Gambia,2018,9.8,5.219,,,,,,
Georgia,2018,15.7,2.06,29.66,9.76,20.06,24.59,29.15,35.5
Germany,2018,17.0,1.57,74.35,29.06,52.51,58.87,71.21,125.01
Ghana,2018,11.4,3.87,59.79,32.79,46.77,54.89,37.39,15.95
Greece,2018,17.1,1.35,63.15,11.82,38.4,50.87,61.7,53.8
Grenada,2018,17.0,2.063,,,,,,
Guatemala,2018,10.5,2.87,46.87,14.59,31.3,44.62,36.81,41.3
Guinea,2018,7.7,4.7,,,,,,
Guyana,2018,11.9,2.462,,,,,,
Haiti,2018,9.0,2.935,,,,,,
Honduras,2018,10.6,2.46,44.28,10.64,28.06,36.58,32.99,34.86
Hong Kong,2018,16.4,1.072,78.72,79.54,79.12,83.47,56.17,82.86
Hungary,2018,15.4,1.55,48.6,15.37,32.57,38.61,37.38,50.62
Iceland,2018,20.4,1.71,123.96,54.63,90.52,118.95,132.59,87.84
India,2018,12.9,2.222,26.88,6.77,17.18,27.46,18.34,79.27
Indonesia,2018,12.9,2.311,39.74,8.5,24.68,43.52,19.5,37.49
Iran,2018,14.6,2.137,34.56,15.9,25.56,31.0,27.27,45.6
Iraq,2018,10.2,3.672,43.88,12.84,28.91,37.67,38.4,51.2
Ireland,2018,18.9,1.75,85.45,47.16,66.98,69.51,93.16,96.1
Israel,2018,16.6,3.09,86.53,35.57,61.95,72.44,94.89,102.3
Italy,2018,16.6,1.29,79.06,23.14,52.09,68.05,84.74,81.07
Jamaica,2018,13.9,1.979,60.62,12.47,37.4,60.25,39.67,35.26
Japan,2018,15.2,1.42,86.58,25.6,57.17,91.58,49.16,107.35
Jordan,2018,12.1,2.761,55.09,12.07,34.34,46.54,52.66,43.43
Kazakhstan,2018,15.6,2.84,34.25,11.23,23.15,28.06,35.41,40.75
Kenya,2018,10.3,3.492,38.72,8.67,24.23,36.57,31.61,32.06
Kiribati,2018,12.2,3.569,,,,,,
Kuwait,2018,14.3,2.082,56.9,36.33,46.98,43.97,48.48,100.58
Kyrgyz,2018,13.6,3.3,,,,,,
Lao,2018,10.8,2.667,,,,,,
Latvia,2018,16.7,1.6,53.42,13.35,34.1,42.47,48.05,53.1
Lebanon,2018,11.2,2.087,60.23,27.93,44.65,46.15,58.7,56.36
Lesotho,2018,11.1,3.141,,,,,,
Liberia,2018,9.1,4.315,,,,,,
Libya,2018,13.0,2.24,,,,,,
Liechtenstein,2018,13.4,1.58,,,,,,
Lithuania,2018,16.9,1.63,53.24,15.21,34.9,41.74,48.86,57.29
Luxembourg,2018,14.3,1.38,96.56,59.87,78.87,84.98,107.94,116.73
Madagascar,2018,10.3,4.077,,,,,,
Malawi,2018,10.9,4.209,,,,,,
Malaysia,2018,13.8,2.001,44.73,11.52,28.72,48.21,23.22,72.98
Maldives,2018,12.2,1.87,,,,,,
Mali,2018,6.8,5.877,,,,,,
Malta,2018,16.4,1.23,70.92,29.33,50.86,59.82,75.14,66.24
Mauritania,2018,8.5,4.561,,,,,,
Mauritius,2018,15.5,1.41,55.04,13.33,34.92,49.51,39.37,46.66
Mexico,2018,14.6,2.129,33.56,9.51,21.96,32.18,29.48,58.18
Moldova,2018,11.8,1.262,33.1,8.75,21.36,26.64,23.52,29.27
Mongolia,2018,14.8,2.895,,,,,,
Montenegro,2018,15.3,1.745,44.41,10.85,28.22,35.75,38.08,48.68
Morocco,2018,12.6,2.415,37.12,11.46,24.74,33.26,25.76,45.07
Mozambique,2018,9.3,4.852,,,,,,
Namibia,2018,12.7,3.396,,,,,,
Nepal,2018,12.7,1.917,32.62,4.43,19.02,30.18,19.03,25.33
Netherlands,2018,18.3,1.59,82.69,36.21,60.27,65.83,92.73,109.48
New Zealand,2018,19.7,1.71,83.41,33.79,59.48,76.98,79.05,98.61
Nicaragua,2018,12.5,2.404,,,,,,
Niger,2018,5.8,6.913,,,,,,
Nigeria,2018,9.3,5.387,34.65,15.97,25.64,35.8,22.06,19.56
North Macedonia,2018,13.6,1.496,34.84,6.91,21.37,28.73,23.64,42.55
Norway,2018,18.8,1.56,113.7,40.85,78.57,106.52,125.04,107.95
Oman,2018,15.5,2.888,49.31,20.31,35.32,46.71,46.17,99.24
Pakistan,2018,7.8,3.51,25.08,5.29,15.54,23.81,19.02,41.11
Panama,2018,13.3,2.461,52.41,26.59,39.96,53.04,44.3,39.12
Paraguay,2018,13.0,2.429,,,,,,
Peru,2018,14.1,2.254,39.64,14.4,27.47,35.87,26.29,37.07
Philippines,2018,13.0,2.576,35.99,8.04,22.51,34.3,20.94,34.02
Poland,2018,17.3,1.46,45.2,16.63,31.42,35.85,37.7,74.42
Portugal,2018,16.2,1.42,55.86,20.39,38.75,45.47,46.83,61.97
Qatar,2018,14.1,1.866,65.37,65.33,65.35,57.5,64.8,125.05
Romania,2018,14.6,1.76,39.71,10.85,25.79,32.83,33.28,66.2
Russian Federation,2018,15.9,1.579,,,,,,
Rwanda,2018,11.2,4.044,,,,,,
Samoa,2018,12.9,3.877,,,,,,
Sao Tome and Principe,2018,12.8,4.321,,,,,,
Saudi Arabia,2018,15.8,2.319,47.86,13.5,31.29,42.04,32.03,131.46
Senegal,2018,9.4,4.625,,,,,,
Serbia,2018,15.3,1.49,39.59,8.44,24.57,29.95,31.45,41.81
Seychelles,2018,16.2,2.41,,,,,,
Sierra Leone,2018,9.7,4.263,,,,,,
Singapore,2018,16.5,1.14,91.4,71.89,81.99,83.64,64.4,95.89
Slovakia,2018,15.0,1.54,50.41,18.86,35.19,43.66,37.34,67.29
Slovenia,2018,18.2,1.61,59.65,15.5,38.36,50.78,48.93,80.33
Solomon Islands,2018,9.7,4.403,,,,,,
South Africa,2018,14.0,2.405,48.05,17.91,33.51,40.66,45.74,99.83
South Korea,2018,15.8,0.977,82.94,23.39,54.22,99.67,48.98,109.36
South Sudan,2018,3.5,4.696,,,,,,
Spain,2018,18.2,1.26,61.75,22.23,42.69,51.28,60.56,90.67
Sri Lanka,2018,14.2,2.199,34.32,8.33,21.78,38.38,19.69,29.56
Sudan,2018,7.7,4.407,,,,,,
Suriname,2018,13.4,2.418,,,,,,
Sweden,2018,19.6,1.76,83.7,28.01,56.84,76.1,86.67,113.01
Switzerland,2018,16.1,1.52,131.39,53.84,93.99,133.34,131.86,126.15
Syrian Arab Republic,2018,8.7,2.808,,,,,,
Tajikistan,2018,10.7,3.585,,,,,,
Tanzania,2018,8.2,4.892,44.97,19.0,32.45,34.48,29.36,23.1
Thailand,2018,14.8,1.525,48.91,17.1,33.57,54.9,23.94,38.59
Timor-Leste,2018,12.2,4.023,,,,,,
Togo,2018,11.4,4.32,,,,,,
Tonga,2018,14.4,3.556,,,,,,
Trinidad and Tobago,2018,13.8,1.725,,,,,,
Tunisia,2018,15.8,2.197,27.67,5.81,17.13,26.41,17.05,38.23
Turkey,2018,15.9,2.069,41.8,10.38,26.65,36.17,31.23,53.78
Turkmenistan,2018,10.8,2.786,,,,,,
Uganda,2018,10.4,4.955,32.67,6.83,20.21,28.32,23.17,21.39
Ukraine,2018,15.2,1.301,25.98,8.85,17.72,20.38,18.62,30.24
United Arab Emirates,2018,14.3,1.413,67.21,60.72,64.08,55.59,63.33,124.78
United Kingdom,2018,18.0,1.68,75.85,33.4,55.38,60.96,83.87,108.54
United States,2018,16.9,1.7295,72.95,38.52,56.35,73.93,69.95,127.62
Uruguay,2018,17.1,1.973,66.88,20.03,44.29,54.51,69.18,34.31
Uzbekistan,2018,11.8,2.604,,,,,,
Vanuatu,2018,10.9,3.782,,,,,,
Venezuela,2018,13.8,2.272,32.21,7.62,20.35,33.83,26.7,4.0
Vietnam,2018,12.9,2.049,39.44,15.11,27.71,39.09,19.96,30.09
Yemen,2018,7.4,3.792,,,,,,
Zambia,2018,10.6,4.633,46.49,19.5,33.47,40.41,33.5,101.26
Zimbabwe,2018,10.3,3.615,49.54,12.29,31.57,44.3,37.66,27.29
Afghanistan,2019,7.7,4.321,,,,,,
Albania,2019,15.5,1.597,36.17,8.21,22.74,28.59,29.34,33.81
Algeria,2019,14.8,2.988,30.56,5.51,18.53,32.0,16.38,32.93
Angola,2019,11.0,5.442,,,,,,
Antigua and Barbuda,2019,13.2,1.987,,,,,,
Argentina,2019,18.9,2.247,33.09,9.48,21.75,26.25,32.5,55.0
Armenia,2019,13.6,1.758,32.51,9.9,21.65,25.77,32.53,33.06
Australia,2019,22.4,1.657,72.08,35.5,54.52,66.9,70.69,122.85
Austria,2019,16.4,1.46,71.79,27.63,50.58,65.63,70.08,96.7
Azerbaijan,2019,13.0,1.8,29.12,8.72,19.32,24.08,30.67,32.01
Bahrain,2019,16.7,1.964,56.71,29.56,43.67,51.16,52.21,74.61
Bangladesh,2019,12.0,2.011,31.83,5.44,19.16,29.52,18.97,39.82
Barbados,2019,16.8,1.623,,,,,,
Belarus,2019,15.7,1.382,33.12,9.96,22.0,27.77,35.98,44.64
Belgium,2019,20.7,1.57,72.97,25.81,50.32,60.86,83.4,95.09
Belize,2019,13.4,2.274,49.45,8.81,29.93,42.86,36.66,70.85
Benin,2019,11.4,4.767,,,,,,
Bhutan,2019,13.5,1.954,,,,,,
Bolivia,2019,14.2,2.688,34.37,10.88,23.09,26.9,27.96,44.05
Bosnia and Herzegovina,2019,14.1,1.254,,,,,,
Botswana,2019,13.0,2.836,,,,,,
Brazil,2019,15.8,1.719,42.8,11.46,27.75,31.3,34.85,37.43
Brunei Darussalam,2019,14.8,1.819,,,,,,
Bulgaria,2019,14.6,1.58,37.17,9.15,23.72,31.15,29.86,52.18
Burkina Faso,2019,9.1,5.109,,,,,,
Burundi,2019,11.0,5.321,,,,,,
Cabo Verde,2019,13.0,2.242,,,,,,
Cambodia,2019,11.0,2.478,46.8,14.44,31.26,44.15,24.44,12.46
Cameroon,2019,11.3,4.506,,,,,,
Canada,2019,16.7,1.4684,65.01,28.32,47.39,62.37,61.81,109.44
Central African Republic,2019,6.2,4.645,,,,,,
Chad,2019,5.9,5.649,,,,,,
Chile,2019,16.7,1.627,47.73,15.22,32.12,40.55,45.15,54.13
China,2019,14.0,1.696,39.24,17.36,28.73,39.93,28.18,68.95
Colombia,2019,14.7,1.789,30.15,9.17,20.07,24.33,22.46,34.66
Comoros,2019,11.1,4.138,,,,,,
Congo,2019,11.6,4.374,,,,,,
Congo Democratic,2019,8.6,5.819,,,,,,
Costa Rica,2019,16.4,1.737,50.89,15.48,33.89,47.91,42.58,47.13
Croatia,2019,15.9,1.47,49.18,11.6,31.13,40.33,40.36,60.33
Cuba,2019,14.7,1.602,40.5,8.11,24.95,34.3,28.29,2.47
Cyprus,2019,15.4,1.321,55.57,20.23,38.6,44.32,59.76,75.29
Denmark,2019,19.6,1.7,81.38,32.91,58.11,63.62,95.14,114.39
Djibouti,2019,6.7,2.676,,,,,,
Dominican Republic,2019,15.0,2.323,44.92,10.21,28.25,35.68,42.43,26.02
Ecuador,2019,14.9,2.403,41.98,11.61,27.4,37.87,29.43,40.84
Egypt,2019,13.3,3.28,26.46,5.01,16.16,23.19,22.26,23.67
El Salvador,2019,11.5,2.021,46.11,14.19,30.78,45.57,35.55,30.09
Eritrea,2019,4.6,3.997,,,,,,
Estonia,2019,16.8,1.66,51.01,15.38,33.9,37.06,51.24,75.97
Ethiopia,2019,8.3,4.146,,,,,,
Finland,2019,20.2,1.35,72.82,26.14,50.4,60.02,77.91,112.3
France,2019,16.0,1.87,74.85,26.25,51.51,68.31,75.37,91.55
Gabon,2019,12.6,3.922,,,,,,
Gambia,2019,10.0,5.154,,,,,,
Georgia,2019,15.5,2.055,28.78,8.53,19.05,23.39,27.09,33.19
Germany,2019,16.9,1.54,67.62,26.85,48.04,54.27,63.56,116.2
Ghana,2019,11.4,3.816,51.13,31.57,41.74,44.76,31.74,18.7
Greece,2019,17.5,1.35,56.66,10.8,34.64,43.69,54.76,49.57
Grenada,2019,17.0,2.042,,,,,,
Guatemala,2019,10.6,2.822,41.74,13.93,28.39,38.02,32.28,41.79
Guinea,2019,8.0,4.625,,,,,,
Guyana,2019,11.6,2.44,,,,,,
Haiti,2019,9.0,2.887,,,,,,
Honduras,2019,10.5,2.427,42.1,10.76,27.05,33.57,31.52,35.22
Hong Kong,2019,17.1,1.051,78.14,76.83,77.51,80.3,56.08,69.34
Hungary,2019,15.5,1.49,42.03,13.64,28.4,32.36,33.43,54.66
Iceland,2019,20.2,1.75,101.86,48.28,76.13,92.1,111.85,91.8
India,2019,12.6,2.202,24.17,5.84,15.37,24.2,17.15,66.91
Indonesia,2019,13.7,2.288,36.24,8.43,22.88,38.14,18.02,32.95
Iran,2019,14.6,2.146,35.8,16.92,26.73,32.63,26.88,37.74
Iraq,2019,10.3,3.597,39.62,11.46,26.1,34.1,31.85,47.61
Ireland,2019,18.8,1.7,75.35,41.8,59.24,59.1,82.65,95.09
Israel,2019,16.8,3.01,74.28,29.42,52.74,61.92,80.83,92.48
Italy,2019,16.4,1.27,69.25,21.68,46.4,58.34,75.72,77.49
Jamaica,2019,13.9,1.965,58.8,14.74,37.64,58.84,42.26,34.69
Japan,2019,15.2,1.36,83.33,27.97,56.75,83.58,48.75,103.12
Jordan,2019,11.6,2.691,54.98,11.87,34.28,44.43,52.28,41.73
Kazakhstan,2019,15.8,2.9,29.83,9.78,20.2,23.75,29.83,38.83
Kenya,2019,11.0,3.423,38.21,10.05,24.69,33.23,31.22,32.46
Kiribati,2019,12.2,3.53,,,,,,
Kuwait,2019,15.2,2.077,51.48,32.94,42.58,39.88,47.35,102.01
Kyrgyz,2019,13.2,3.3,,,,,,
Lao,2019,10.7,2.626,,,,,,
Latvia,2019,16.8,1.61,49.23,12.02,31.36,36.65,45.47,55.16
Lebanon,2019,11.1,2.075,58.06,26.92,43.11,43.28,56.79,53.97
Lesotho,2019,11.7,3.108,,,,,,
Liberia,2019,9.2,4.247,,,,,,
Libya,2019,13.1,2.206,,,,,,
Liechtenstein,2019,13.8,1.47,,,,,,
Lithuania,2019,17.1,1.61,45.91,12.9,30.06,35.36,43.95,60.34
Luxembourg,2019,14.3,1.34,86.09,55.64,71.47,75.1,96.08,106.26
Madagascar,2019,10.2,4.026,,,,,,
Malawi,2019,11.2,4.127,,,,,,
Malaysia,2019,14.0,1.983,39.38,10.92,25.71,39.7,22.75,73.14
Maldives,2019,12.3,1.84,,,,,,
Mali,2019,6.8,5.785,,,,,,
Malta,2019,16.5,1.1,63.32,28.68,46.69,51.23,67.28,59.67
Mauritania,2019,8.7,4.503,,,,,,
Mauritius,2019,15.7,1.4,52.44,11.53,32.8,47.89,39.14,39.77
Mexico,2019,15.0,2.103,32.71,10.06,21.83,30.3,30.23,49.98
Moldova,2019,11.8,1.269,32.26,7.97,20.6,24.97,27.71,30.75
Mongolia,2019,14.8,2.867,,,,,,
Montenegro,2019,15.4,1.748,39.61,9.95,25.37,30.75,34.25,46.28
Morocco,2019,13.3,2.382,33.98,9.48,22.21,29.85,23.85,41.4
Mozambique,2019,9.5,4.783,,,,,,
Namibia,2019,12.7,3.344,43.22,17.46,30.85,39.92,38.59,63.6
Nepal,2019,13.0,1.876,29.63,4.6,17.61,25.4,19.74,26.28
Netherlands,2019,18.8,1.57,74.83,34.74,55.58,58.8,83.49,102.54
New Zealand,2019,19.7,1.72,72.62,31.64,52.94,65.71,68.78,101.09
Nicaragua,2019,12.6,2.377,45.83,9.54,28.4,46.36,31.14,24.52
Niger,2019,5.7,6.824,,,,,,
Nigeria,2019,9.4,5.317,31.25,28.97,30.15,31.76,19.2,15.13
North Macedonia,2019,13.8,1.489,31.58,6.47,19.52,24.85,23.67,39.83
Norway,2019,18.8,1.53,100.99,37.28,70.4,92.67,111.53,103.61
Oman,2019,15.0,2.842,46.2,19.89,33.57,40.02,44.41,88.47
Pakistan,2019,7.6,3.454,20.4,4.5,12.76,18.25,15.42,38.61
Panama,2019,13.5,2.437,51.45,24.63,38.57,48.21,47.06,41.34
Paraguay,2019,13.0,2.405,32.27,9.38,21.28,26.03,25.75,35.57
Peru,2019,14.9,2.233,37.17,11.96,25.06,32.69,23.68,37.47
Philippines,2019,13.5,2.526,35.09,8.09,22.12,32.61,19.67,29.46
Poland,2019,16.9,1.42,39.13,14.92,27.5,30.66,32.72,70.0
Portugal,2019,16.5,1.42,50.39,21.07,36.31,40.2,43.13,55.19
Qatar,2019,14.1,1.846,59.09,46.56,53.07,47.72,61.95,138.29
Romania,2019,14.7,1.76,36.45,10.0,23.75,29.88,32.26,61.16
Russian Federation,2019,15.3,1.504,,,,,,
Rwanda,2019,11.2,3.99,,,,,,
Samoa,2019,13.2,3.83,,,,,,
Sao Tome and Principe,2019,12.8,4.267,,,,,,
Saudi Arabia,2019,16.0,2.275,47.61,11.4,30.22,39.06,30.93,118.59
Senegal,2019,8.9,4.556,,,,,,
Serbia,2019,15.3,1.52,35.39,8.08,22.27,26.3,27.84,39.9
Seychelles,2019,15.3,2.34,,,,,,
Sierra Leone,2019,9.7,4.169,,,,,,
Singapore,2019,16.7,1.14,69.79,53.1,61.77,57.48,46.75,103.77
Slovakia,2019,15.0,1.56,44.98,16.13,31.13,38.5,33.64,63.24
Slovenia,2019,18.3,1.61,52.51,15.36,34.67,43.27,43.83,75.38
Solomon Islands,2019,9.7,4.361,,,,,,
South Africa,2019,14.2,2.381,42.49,16.5,30.01,33.88,40.79,82.97
South Korea,2019,15.9,0.918,76.93,22.23,50.66,89.7,44.84,103.4
South Sudan,2019,3.5,4.619,,,,,,
Spain,2019,18.0,1.24,54.7,20.73,38.39,44.02,54.13,83.8
Sri Lanka,2019,14.5,2.188,30.24,7.57,19.36,33.57,17.36,27.34
Sudan,2019,7.7,4.347,,,,,,
Suriname,2019,13.8,2.394,,,,,,
Sweden,2019,20.4,1.7,71.55,26.05,49.7,63.45,75.04,111.38
Switzerland,2019,16.2,1.48,121.16,50.25,87.11,120.81,123.09,129.7
Syrian Arab Republic,2019,8.9,2.771,,,,,,
Tajikistan,2019,10.7,3.556,,,,,,
Tanzania,2019,8.2,4.832,34.74,16.03,25.76,28.59,25.15,22.71
Thailand,2019,15.8,1.514,47.54,17.71,33.21,50.0,24.63,40.86
Timor-Leste,2019,12.2,3.943,,,,,,
Togo,2019,11.5,4.259,,,,,,
Tonga,2019,14.6,3.518,,,,,,
Trinidad and Tobago,2019,14.0,1.711,,,,,,
Tunisia,2019,15.8,2.174,23.69,4.96,14.69,22.27,13.33,37.99
Turkey,2019,16.0,2.055,35.21,7.23,21.78,30.45,23.65,45.33
Turkmenistan,2019,10.9,2.74,,,,,,
Uganda,2019,10.6,4.824,30.25,8.51,19.81,26.09,21.9,22.72
Ukraine,2019,15.3,1.228,27.94,9.53,19.1,22.47,22.14,32.72
United Arab Emirates,2019,14.8,1.387,56.16,40.98,48.87,43.16,53.88,119.6
United Kingdom,2019,18.0,1.65,65.28,28.6,47.66,51.85,72.37,105.73
United States,2019,16.9,1.705,69.91,38.98,55.06,67.44,69.33,122.03
Uruguay,2019,17.1,1.963,57.31,16.21,37.57,45.11,56.28,47.77
Uzbekistan,2019,11.9,2.785,27.11,8.27,18.06,23.9,21.14,25.09
Vanuatu,2019,11.5,3.744,,,,,,
Venezuela,2019,13.8,2.25,25.73,5.89,16.2,27.58,21.98,3.71
Vietnam,2019,12.9,2.05,37.7,13.1,25.88,37.87,18.89,33.33
Yemen,2019,7.4,3.7,,,,,,
Zambia,2019,10.7,4.559,,,,,,
Zimbabwe,2019,10.5,3.531,51.57,11.67,32.41,45.74,36.81,27.65
